Sr_No,Unit_Id,Unit_Name,Type,Marks,Question,Option_A,Option_B,Option_C,Option_D,Correct_Option,Correct_Answer_Text,Images,Page
1,1,Unit-1,mcq,1,The given hexadecimal number (1E.53)16 is equivalent to . _______,(35.684)8,(36.246)8,(34.340)8,(35.599)8,B,(36.246)8,,1
2,1,Unit-1,mcq,1,The octal number (651.124)8 is equivalent to . _______,(1A9.2A)16,(1B0.10)16,(1A8.A3)16,(1B0.B0)16,A,(1A9.2A)16,,1
3,1,Unit-1,mcq,1,The octal equivalent of the decimal number (417)10 is . _______,(641)8,(619)8,(640)8,(598)8,A,(641)8,,1
4,1,Unit-1,mcq,1,(170)10 is equivalent to . _______,(FD)16,(DF)16,(AA)16,(AF)16,C,(AA)16,,1
5,1,Unit-1,mcq,1,Convert (214)8 into decimal.,(140)10,(141)10,(142)10,(130)10,A,(140)10,,1
6,1,Unit-1,mcq,1,Convert (0.345)10 into an octal number.,(0.16050)8,(0.26050)8,(0.19450)8,(0.24040)8,B,(0.26050)8,,1
7,1,Unit-1,mcq,1,Convert the binary number (01011.1011)2 into decimal.,(11.6875)10,(11.5874)10,(10.9876)10,(10.7893)10,A,(11.6875)10,,1
8,1,Unit-1,mcq,1,Convert binary to octal: (110110001010)2 =?,(5512)8,(6612)8,(4532)8,(6745)8,B,(6612)8,,1
9,1,Unit-1,mcq,1,Which of the following is not a positional number system?,Roman Number System,Octal Number System,Binary Number System,Hexadecimal Number System,A,Roman Number System,,1
10,1,Unit-1,mcq,1,The value of radix in binary number system is . _______,4,1,10,2,D,2,,1
11,1,Unit-1,mcq,1,The binary equivalent of the decimal number 10 is . _______,10,100,1010,101,C,1010,,1
12,1,Unit-1,mcq,1,The octal equivalent of 1100101.001010 is . _______,624.12,145.12,154.12,145.21,B,145.12,,1
13,1,Unit-1,short_answer,1,The hexadecimal number for (95.5)10 is . _______,,,,,,(5F.8) 16,,1
14,1,Unit-1,short_answer,1,The hexadecimal number 'A0' has the decimal value equivalent to . _______,,,,,,160,,1
15,1,Unit-1,short_answer,1,The decimal equivalent of hex number 1A53 is . _______,,,,,,6739,,1
16,1,Unit-1,descriptive,1,be the decimal equivalent of 111011.10. _______,,,,,,,,1
17,1,Unit-1,mcq,2,"Given that (16)10 = (100)x, find the value of x.",X=10,X=1,X=8,X=4,D,X=4,,1
18,1,Unit-1,descriptive,2,(4433)5 = ( )10 = ( )2,,,,,,,,1
19,1,Unit-1,descriptive,4,1) (673.124)8 = ( )2 2) (4522.25)10 = ( )2 3) (FACE)16 = ( )10 4) (10101010)2 = ( )8 = ( )16,,,,,,,,1
20,1,Unit-1,short_answer,3,"Convert following Octal Number to Hexadecimal and Binary 414, 574,
725.25.",,,,,,"(10C,17C,1D5.54)16 , (100001100, 101111100,
111010101.010101)2",,1
21,1,Unit-1,descriptive,3,Convert the number (435)7into equivalent radix-10 and radix-4 number system.,,,,,,,,1
22,1,Unit-1,descriptive,3,Do as directed: (10110100)2= ( ?)gray = ( ? )XS-3 = ( ? )BCD,,,,,,,,1
23,1,Unit-1,descriptive,3,(i) Convert (75)10 = ( )2 _______ (ii) Convert (101011)2 = ( )10 _______ (iii)Convert (10101101)2 = ( )16 = ( )8 _______ _______,,,,,,,,1
24,1,Unit-1,descriptive,3,"Convert the decimal number 225.225 to binary, octal and hexadecimal.",,,,,,,,1
25,1,Unit-1,descriptive,2,"Convert following numbers.
(a)(4021.2)5 = ( )10
(b) (B65F)16= ( )10
(c) (630.4)8 = ( )10
(d) (41)10 = ( )8",,,,,,,,1
26,1,Unit-1,descriptive,3,"Convert the following Hexadecimal numbers to Octal.
(a) 4F7.A8 (b) BC70.0E (c) 42FD",,,,,,,,1
27,1,Unit-1,short_answer,2,"Convert following Hexadecimal Number to Decimal B28, FFF, F28",,,,,,"(2856,4095,3880)10",,1
28,1,Unit-1,short_answer,1,(1011011101101110)2 = ( )16,,,,,,(B76E)16,,1
29,1,Unit-1,mcq,1,Convert the decimal number 187 to 8-bit binary.,(10111011)2,(11011101)2,(10111101)2,(10111100)2,A,(10111011)2,,1
30,1,Unit-1,descriptive,4,"Convert the decimal number 250.5 to base 3, base 4, base 7 and base 8 .",,,,,,,,1
31,1,Unit-1,descriptive,2,Convert (4BAC)16= ( )8 = ( )4 = ( )2 = ( )10. Show all steps of conversion.,,,,,,,,1
32,1,Unit-1,descriptive,1,Express decimal number 60.875 into binary form.,,,,,,,,1
33,1,Unit-1,descriptive,2,"Convert the following numbers form given base to the base indicates.
1. (AEF2.B6)16 = ( )2 _______
2. (674.12)8 = ( )10 _______
3. (110110.1011)2 = ( )16 _______",,,,,,,,1
34,1,Unit-1,descriptive,2,Express decimal number 10.875 into binary form.,,,,,,,,1
35,1,Unit-1,descriptive,3,"Convert the Decimal Number 412.5 to base 3, 4 and 7",,,,,,,,1
36,1,Unit-1,mcq,1,Nibble means _______,2 bit,4 bit,8 bit,16 bit,B,4 bit,,1
37,1,Unit-1,mcq,2,Convert the binary number (1001.0010)2 to decimal.,90.125,9.125,125,12.5,B,9.125,,1
38,1,Unit-1,descriptive,2,i. Convert (FFFF)16=( )10. _______ ii. Convert (125.625)10=( )2. _______,,,,,,,,1
39,1,Unit-1,short_answer,1,(52)10 = ( )2,,,,,,(110100)2,,1
40,1,Unit-1,descriptive,1,(436)8 = ( )16,,,,,,,,1
41,1,Unit-1,short_answer,1,(5C7)16 = ( )10,,,,,,(1479)10,,1
42,1,Unit-1,short_answer,1,(11011.101)2 = ( )10,,,,,,(27.625)10,,1
43,1,Unit-1,descriptive,2,Convert following 1. (4E7.2)16 = (?)8 2. (521.3)8 = (?)2,,,,,,,,1
44,1,Unit-1,descriptive,2,Convert (10101101)2 = ( )16 = ( )8 _______ _______,,,,,,,,1
45,1,Unit-1,mcq,1,(734)8 = ( )16,C1D,DC1,1CD,1DC,D,1DC,,1
46,1,Unit-1,descriptive,2,(1111.11)2 = ( ? )8 = ( ? )10,,,,,,,,1
47,1,Unit-1,descriptive,1,(AEF2.B6)16 = ( )2 _______,,,,,,,,1
48,1,Unit-1,descriptive,1,(674.12)8 = ( )10 _______,,,,,,,,1
49,1,Unit-1,descriptive,1,(110110.1011)2 = ( )16 _______,,,,,,,,1
50,1,Unit-1,descriptive,1,(101001011)2 = ( )10,,,,,,,,1
51,1,Unit-1,descriptive,1,(11101110)2 = ( )8,,,,,,,,1
52,1,Unit-1,descriptive,1,(68)10 = ( )16,,,,,,,,1
53,1,Unit-1,short_answer,1,Consider the equation (123)5 = (x8)y with x and y as unknown. The number of possible solutions is . _______,,,,,,3,,1
54,1,Unit-1,mcq,1,(1217)8 is equivalent to _______,(1217)16,(2297)10,(028F)16,(0B17)16,C,(028F)16,,1
55,1,Unit-1,mcq,2,"(73)x (in base x number system) is equal to (54)y (in base y number system), the possible values of x and y are","8,16","8,10","10,12","8,11",D,"8,11",,1
56,1,Unit-1,mcq,1,Which of the following number is not allowed in radix – 7 (base 7) system?,666,739,461,124,B,739,,1
57,1,Unit-1,mcq,1,"If (2.3)4 + (1.2)4 = y4, then value of y in base 4 system.",10.1,10.01,10.2,1.02,A,10.1,,1
58,1,Unit-1,mcq,2,"If (2.3)4 + (1.2)4 = Y10, then value of Y in base 10 system?",4.25,10.1,10.01,3.5,A,4.25,,1
59,1,Unit-1,mcq,1,The Octal equivalent of hexadecimal number AB.CD is _______,253.632,253.314,526.314,526.632,A,253.632,,1
60,1,Unit-1,mcq,1,Which number system has a base 16?,Octal,Binary,Decimal,Hexadecimal,D,Hexadecimal,,1
61,1,Unit-1,mcq,1,What is Digital Electronics?,Engineering of devices that produce digital signal,Field of electronics involving the study of digital signal,Engineering of devices that accepts digital signals,All of the mentioned,D,All of the mentioned,,2
62,1,Unit-1,mcq,1,Convert the following numbers as directed: (130)10= ( )2,(10000011)2,(10000010)2,(10000111)2,(111001)2,B,(10000010)2,,2
63,1,Unit-1,mcq,1,Convert the following numbers as directed: (1011011)2= ( )10,(91)8,(52)10,(41)10,(91)10,D,(91)10,,2
64,1,Unit-1,mcq,1,Convert (B65F)16 = ( )10.,(44526)10,(78864)10,(46687)10,(48756)10,C,(46687)10,,2
65,1,Unit-1,mcq,1,Convert (41)10 = ( )2.,(110011)2,(111000)2,(101010)2,(101001)2,D,(101001)2,,2
66,1,Unit-1,mcq,1,Convert decimal number (43)10 to binary.,(110110)2,(101010)2,(101011)2,(111001)2,C,(101011)2,,2
67,1,Unit-1,mcq,1,Convert octal number (234)8 to hexadecimal.,(9C)16,(8C)16,(9C)8,(9C)2,A,(9C)16,,2
68,1,Unit-1,mcq,1,Convert decimal number (0.252)10 to binary.,(0.00001)2,(0.010000)2,(1.010000)2,(10.00100)2,B,(0.010000)2,,2
69,1,Unit-1,descriptive,2,Convert the Hexadecimal numbers to Octal: 4F7.A8,,,,,,,,2
70,1,Unit-1,descriptive,2,Convert the Hexadecimal numbers to Octal: BC70.0E,,,,,,,,2
71,1,Unit-1,mcq,1,A number (1217)8 can be represented as _______,(656) 10,(01010001111) 2,(28F) 16,Both B and C,D,Both B and C,,2
72,1,Unit-1,mcq,1,The number (100000)2 would appear just immediately after –,(37) 8,(1F)16,(11111)2,"All A,B and C",D,"All A,B and C",,2
73,1,Unit-1,mcq,1,(F23.23) = ( ? ) = ( ? ) 16 8 2,"7442.106,
111100100011.00100 011","7442.106,
111110100011.0010 0011","7443.106,
111100100011.00100011","7443.106,
111100000001.00100 011",C,"7443.106,
111100100011.00100011",,2
74,1,Unit-1,mcq,1,If (154) / (14) = (8) then what is the value of radix 'b' ? b b 10,10,7,12,8,B,7,,2
75,1,Unit-1,mcq,1,How many number of '1' would be appeared in binary representation of - 3×512+5×64+7×8+3 ?,7,5,6,9,D,9,,2
76,1,Unit-1,descriptive,2,Convert (DEAD)16 into equivalent radix-10 and radix-8 number system.,,,,,,,,2
77,1,Unit-1,mcq,1,Consider the equation (129)5 = (x9)y with x and y as unknown. The number of possible solutions is . _______,not possible,5,3,4,A,not possible,,2
78,1,Unit-1,mcq,1,convert (FFFF)16 to decimal & octal numbers respectively.,a) 65235 &177787,b)62325 & 177878,c)65335 & 177878,d)65535 &177777,D,d)65535 &177777,,2
79,1,Unit-1,mcq,1,The binary equivalent of (11.6275)10 is equals to . _______,a)101.11011,b)1011.1001,c)101.0011,d)1011.1010,D,d)1011.1010,,2
80,1,Unit-1,mcq,1,Convert the hexadecimal number (9999.9999) to octal number.,a) 1414631.463144,b) 463144.114631,c) 141361.114631,d) 114631.463144,D,d) 114631.463144,,2
81,1,Unit-1,mcq,1,Which of the following is equivalent to decimal number of (BFA0) hexadecimal number ?,a) 90456,b) 40956,c) 49056,d) 56049,C,c) 49056,,2
82,1,Unit-1,mcq,1,"Consider the following statements i) octal number is 1/4th the length of corresponding binary number ii) Hexadecimal is 1/3rd length of corresponding binary number iii) In 10 bit binary number, 512 is the weight of 2nd digit from MSB.Which of statement/s is/are not correct from above ?","a) i,ii,iii","b) i, ii only","c) i, iii only","d) ii, iii only",A,"a) i,ii,iii",,2
83,1,Unit-1,descriptive,3,"Convert the following numbers as per required:
(i) (965.198)10 = ( ? )16 (ii) (3B.4)16 = ( ? )8 (iii) (1110011100.110001)2 = ( ? )10 = ( ? )16",,,,,,,,2
84,1,Unit-1,descriptive,2,Convert the decimal number 279.5 to base 3 and 7.,,,,,,,,2
85,1,Unit-1,mcq,1,The hexadecimal equivalent of largest binary number with 14-bits is?,3FFF,7FFF,8FFF,None of Above,A,3FFF,,2
86,2,Unit-2,short_answer,1,The 2's complement of the number 1101101 is . _______,,,,,,10011,,2
87,2,Unit-2,short_answer,1,2's complement of any binary number can be calculated by adding 1's complement twice.,,,,,,False,,2
88,2,Unit-2,short_answer,1,The 2's complement of the number 1101110 is . _______,,,,,,0010010,,2
89,2,Unit-2,descriptive,2,𝑆𝑢𝑏𝑠𝑡𝑟𝑎𝑐𝑡 (45) from (66) using 2's complement method. 8 8,,,,,,,,2
90,2,Unit-2,short_answer,2,𝑆 𝑢 𝑏 𝑠 𝑡 𝑟 𝑎 𝑐 𝑡 ( 4 5 ) f r o m ( 9 3 ) using 1's Complement Method. 1 0 1 0,,,,,,(48)10,,2
91,2,Unit-2,descriptive,2,Subtract using 2's complement method. (10010 −10011) 2,,,,,,,,2
92,2,Unit-2,descriptive,2,Perform subtraction of ( 7 8 − 5 8 ) using 2's complement method. 10,,,,,,,,2
93,2,Unit-2,descriptive,2,"Using 10's complement, subtract : (72532-3250) 10",,,,,,,,2
94,2,Unit-2,descriptive,2,"Using 2's complement, subtract : (1010100 −1000100) 2",,,,,,,,2
95,2,Unit-2,descriptive,4,"Perform the subtraction with the following numbers using 1's complement and 2's complements: (a) 11010-1101, (b) 10010-10011",,,,,,,,2
96,2,Unit-2,descriptive,6,Perform the operation of subtractions with the following binary number using 2's complement (i) 10010 – 10011 (ii) 100 – 110000 (iii) 11010 – 10000,,,,,,,,2
97,2,Unit-2,descriptive,4,Find the 10's complement of the following: (1) ( 6 1 0 6 ) (2) 10 (935) 10,,,,,,,,2
98,2,Unit-2,descriptive,2,Perform following subtraction using 2's complement method. (11010)2 – (10000)2,,,,,,,,2
99,2,Unit-2,descriptive,2,Subtract (32)10 from (58)10 using 8-bit 2's complement arithmetic.,,,,,,,,2
100,2,Unit-2,descriptive,2,Substract 14 from 46 using 8-bit 2's complement arithmetic.,,,,,,,,2
101,2,Unit-2,descriptive,2,Substract 27.50 from 68.75 using 12-bit 1's complement arithmetic.,,,,,,,,2
102,2,Unit-2,descriptive,2,"Add the following binary numbers:
1. 11011 + 1101
2. 1010.11 + 1101.0 + 1001.11+1111.11",,,,,,,,2
103,2,Unit-2,descriptive,2,"Substract the following binary numbers.
1. 1100.10-111.01 2. 10110-1011",,,,,,,,2
104,2,Unit-2,mcq,1,The addition of these binary numbers 101001+ 010011 would generate:,101110,000111,111100,010100,C,111100,,2
105,2,Unit-2,mcq,1,The 1's complement of a binary number is obtained by changing _______,Each 1 to a 0,Each 0 to 1,Each 1 to 0 and each 0 to 1,None of Above,C,Each 1 to 0 and each 0 to 1,,2
106,2,Unit-2,descriptive,4,"Substract the following hexadecimal numbers using the 1's complement arithmetic.
(i) 48 −26 (ii) 45 −74 16 16 16 16",,,,,,,,2
107,2,Unit-2,descriptive,4,"Substract the following hexadecimal numbers using the 2's complement arithmetic.
(i) 69 −43 (ii) 27 −73 16 16 16 16",,,,,,,,2
108,2,Unit-2,descriptive,4,"Substract the following decimal numbers using the 9's and 10's complement arithmetic.
(i) 274 −86 (ii) 376.3 −765.6 10 10 10 10",,,,,,,,2
109,2,Unit-2,descriptive,4,"Substract the following decimal numbers using 2's complement arithmetic:
1. 46 - 19 2. 36.75 - 89.5",,,,,,,,3
110,2,Unit-2,descriptive,2,Substract the following numbers using 9's complement: 745.81 - 436.62,,,,,,,,3
111,2,Unit-2,descriptive,2,Substract the following numbers using 10's complement: 416.73 - 2928.54,,,,,,,,3
112,2,Unit-2,descriptive,2,Express -45 and -73.75 in 2's complement form.,,,,,,,,3
113,2,Unit-2,descriptive,2,Add 47.25 to 55.75 using binary arithmetic.,,,,,,,,3
114,2,Unit-2,descriptive,2,Add -75 to +26 using 8 bit 2's complement arithmetic.,,,,,,,,3
115,2,Unit-2,descriptive,4,"Substract the following decimal numbers using 1's complement arithmetic:
1. 46-84 2. 63.75-17.5",,,,,,,,3
116,2,Unit-2,descriptive,1,"Find out Y, if B = 1 and A = square wave",,,,,,,images/PB_DE_SEM-III_2025/q_116_1.png,3
117,2,Unit-2,mcq,1,Which gate is equivalent to bubbled OR gate?,AND,XOR,NOT,NAND,D,NAND,,3
118,2,Unit-2,mcq,1,A NOT gate has…,1 input and 1 output,2 input 1 output,1 input 2 output,none of above,A,1 input and 1 output,,3
119,2,Unit-2,mcq,1,"If a 3-input NOR gate has eight input possibilities, how many of those possibilities will result in a HIGH output",2,1,7,8,B,1,,3
120,2,Unit-2,mcq,1,"If a signal passing through a gate is inhibited by sending a LOW into one of the inputs, and the output is HIGH, the gate is a(n):",AND,NAND,NOR,OR,B,NAND,,3
121,2,Unit-2,descriptive,3,Implement Boolean expression for Ex-OR gate using NAND gates only.,,,,,,,,3
122,2,Unit-2,mcq,1,The output of a gate is only 1 when all of its inputs are 1.,OR,NOT,AND,EXOR,C,AND,,3
123,2,Unit-2,mcq,1,The inputs of a NAND gate are connected together. The resulting circuit is …………,OR,AND,NOT,NONE OF ABOVE,C,NOT,,3
124,2,Unit-2,mcq,1,The NOR gate is OR gate followed by ………………,AND,NAND,NOT,NONE OF ABOVE,C,NOT,,3
125,2,Unit-2,mcq,1,The NAND gate is AND gate followed by …………………,NOT,OR,NOR,NONE OF ABOVE,A,NOT,,3
126,2,Unit-2,mcq,1,Exclusive-OR (XOR) logic gates can be constructed from ………..logic gates.,OR GATES ONLY,AND gates and NOT gates,"AND, OR, NOT Gates",OR gates and NOT gates,C,"AND, OR, NOT Gates",,3
127,2,Unit-2,mcq,1,The basic logic gate whose output is the complement of the input is ………….,OR,AND,INVERTER,NONE OF ABOVE,C,INVERTER,,3
128,2,Unit-2,mcq,1,The universal gate is ………………,EXOR,NAND,NOR,BOTH (B) AND (C),D,BOTH (B) AND (C),,3
129,2,Unit-2,short_answer,1,The NAND gate output will be low if the two inputs are .,,,,,,1&1,,3
130,2,Unit-2,short_answer,1,The output of a logic gate is 1 when all its inputs are at logic 0. the gate is either . _______,,,,,,(a NOR or an EX- NOR),,3
131,2,Unit-2,mcq,1,AND gates are required to realize Y = CD+EF+G _______,1,2,3,4,B,2,,3
132,2,Unit-2,short_answer,1,The following waveform pattern is for _______,,,,,,EXOR GATE,images/PB_DE_SEM-III_2025/q_132_1.png,3
133,2,Unit-2,short_answer,1,The following waveform pattern is for _______,,,,,,OR GATE,images/PB_DE_SEM-III_2025/q_133_1.png,3
134,2,Unit-2,descriptive,1,The 8-input XOR circuit shown has an output of Y = 1. Correct input combination below (ordered A – H) is . _______,,,,,,,images/PB_DE_SEM-III_2025/q_134_1.png,3
135,2,Unit-2,short_answer,1,Find the logic required at R input.,,,,,,R=1,images/PB_DE_SEM-III_2025/q_135_1.png,3
136,2,Unit-2,short_answer,1,"For a given logic circuit, if A=B=1, and C=D=0. Find output Y",,,,,,0,images/PB_DE_SEM-III_2025/q_136_1.png,3
137,2,Unit-2,descriptive,3,Show that 𝐴 ⊕ 𝐵 = 𝐴 𝐵 ′ + 𝐴 ′ 𝐵 and construct the corresponding logic diagrams using truth table,,,,,,,,3
138,2,Unit-2,descriptive,3,Show that 𝐴 ⊙ 𝐵 = 𝐴 𝐵 + 𝐴 ′ 𝐵 ' = ( A ⊕ B ) ' = ( A B ' + A ' B ) ' and construct the corresponding logic diagrams using truth table,,,,,,,,4
139,2,Unit-2,descriptive,3,Show that (A+B)(AB)' is equivalent to 𝐴 ⊕ 𝐵 using truth table,,,,,,,,4
140,2,Unit-2,descriptive,3,Derive that logic expression that equals to 1 only when the two bit binary numbers A and B have the same value. Draw the logic diagram and construct the truth table to verify the logic.,,,,,,,,4
141,2,Unit-2,descriptive,3,Show that AB + (A+B)' is equivalent to 𝐴 ⊙ 𝐵 using truth table,,,,,,,,4
142,2,Unit-2,descriptive,5,"Find the logical equivalent of the following expression:
(a) 𝐴 ⊕ 0 (b) 𝐴⊕1 (c ) 𝐴⊙0 (d) 𝐴⊙1 (e ) 0 ⊕𝐴′",,,,,,,,4
143,2,Unit-2,descriptive,3,Draw the logic diagram and construct the truth table for following expression: X= A+B+ (CD)',,,,,,,,4
144,2,Unit-2,descriptive,3,Draw the logic diagram and construct the truth table for following expression: Y= (AB) (A+B)' + (EF)',,,,,,,,4
145,2,Unit-2,descriptive,3,Draw the logic diagram and construct the truth table for following expression: Z = (A'B+CD'+ABC)',,,,,,,,4
146,2,Unit-2,mcq,1,"A calculator performs the binary addition where the 2's complement binary number 1101100 is obtained with no carry , convert the same into BCD",11000011,00110100,00100000,00110011,C,00100000,,4
147,2,Unit-2,mcq,1,Excess-3 is also known as _______,Positive weighted code,Negative weighted code,Cyclic code,Self Complementing Code,D,Self Complementing Code,,4
148,2,Unit-2,descriptive,2,Solve: (11000111) 𝑋𝑆−3= (? ) 𝐺𝑅𝐴𝑌,,,,,,,,4
149,2,Unit-2,mcq,1,The specific non-weighted code is used in shaft encoder for the process based instrumentation and data acquistion system that initiates encoder sequence with 01111 to the second sequence as 11111 then evaluate would be the equivalent binary number as per sequence?,01010 to 10101,01111 to 11111,10000 to 100000,01011 to 10111,A,01010 to 10101,,4
150,2,Unit-2,mcq,1,"The transmitter transmits the 8-bit of information in form of data packet as D0 (LSB) to D7 (MSB) where D0 defines the odd parity bit, D1 as start bit ='1', D2 to D5 as data bits = (8) number and D6 and D7 as stop bits='01' 2421 respectively in a transreceiver digital communication system. Evaluate D0",1,0,01,don'tcare,B,0,,4
151,2,Unit-2,mcq,1,"Which of the following is true?
1. (A+B).(AB)' = A XOR B
2. AB+(A+B)' = A XNOR B
3. A XOR B' = A XNOR B",ONLY 1,ONLY 2,ONLY 3,ALL OF THE ABOVE,D,ALL OF THE ABOVE,,4
152,2,Unit-2,short_answer,1,(000100100011) = () 𝐵𝐶𝐷 2,,,,,,1111011,,4
153,2,Unit-2,mcq,1,"Which of the following statements are true?
1. The codes 8421,2421,5211,3321,4311 are some of the positively weighted codes.
2. The codes 642-3, 631-1, 84-2-1, 74-2-1 are some of the negatively weighted codes.
3. Non-weighted codes do not obey the position-weighting principle.",Both 1 and 2,both 2 and 3,all are true,all are false,C,all are true,,4
154,2,Unit-2,mcq,1,The specific non-weighted code is used in shaft encoder for the process based instrumentation and data acquistion system that initiates encoder sequence with 10101 to the second sequence as 10111 then evaluate would be the equivalent binary number as per sequence?,10101 to 10111,00000 to 11111,11001 to 11010,11010 to 11011,C,11001 to 11010,,4
155,2,Unit-2,mcq,1,"Which of the following statements are true?
1. An XOR gate produces an output 1 only when the inputs are not equal.
2. An XNOR gate produces an output 1 only when the inputs are equal.
3. An XOR is also called anti-coincidence gate.
4. An XNOR is also called coincidence gate.",Both 1 and 2,both 2 and 3,all are true,all are false,C,all are true,,4
156,2,Unit-2,mcq,1,The excess-3 code of decimal 7 is represented by . _______,0111,1010,0011,0100,B,1010,,4
157,2,Unit-2,short_answer,1,Covert the Gray code 1101 to binary,,,,,,1001,,4
158,2,Unit-2,descriptive,4,"Do as directed:
1. Convert the gray code 11011 into decimal.",,,,,,,,4
159,2,Unit-2,descriptive,3,"Convert decimal 86 into BCD, excess-3 and Gray code. (10101101) = () = () 2 𝐵𝐶𝐷 𝐺𝑅𝐴𝑌",,,,,,,,4
160,2,Unit-2,descriptive,4,Convert ( 9 6 ) to its equivalent Gray code and EX-3 code 10,,,,,,,,4
161,2,Unit-2,descriptive,3,"Convert ( 1 0 0 0 0 1 1 0 ) 𝐵 𝐶 𝐷 to decimal, binary & octal.",,,,,,,,4
162,2,Unit-2,descriptive,3,(396) = () = () = () 10 𝐵𝐶𝐷 𝐺𝑅𝐴𝑌 𝑋𝑆−3,,,,,,,,4
163,2,Unit-2,mcq,1,Decimal 43 in Hexadecimal and BCD number system is respectively _______,"B2, 0100 0011","2B, 0100 0011","2B, 0011 0100","B2, 0100 0100",B,"2B, 0100 0011",,4
164,2,Unit-2,descriptive,2,Solve: (101011) 2+ (001111) 2= ( ) = ( ) 10 16,,,,,,,,4
165,2,Unit-2,descriptive,1,The 2's complement of the binary number 1001001 in XS-3 is _______,,,,,,,,4
166,2,Unit-2,descriptive,2,"Given A = P XOR Q, B= P XOR Q' and C= PQ, find output Y = A OR B OR C as per data.",,,,,,,,4
167,2,Unit-2,descriptive,2,Solve: (10100101) 𝑋𝑆−3= () 𝐺𝑅𝐴𝑌,,,,,,,,4
168,2,Unit-2,descriptive,1,A processor started the operation with reflected code as one bit of change at a time when code is moving from one state to another. The obtained code in one state as 111011 and went to 111001. Convert corresponding code into binary equivalent.,,,,,,,,4
169,2,Unit-2,mcq,1,"The transmitter transmits the 8-bit of information in form of data packet as D0 (LSB) to D7 (MSB) where D0 defines the odd parity bit, D1 as start bit ='1', D2 to D5 as data bits = (F) number and D6 and D7 as stop bits='01' 16 respectively in a transreceiver digital communication system. Evaluate D0",1,0,01,don'tcare,A,1,,4
170,2,Unit-2,descriptive,2,Subtract 745.81 from 436.62 given in decimal using 9's complement method.,,,,,,,,4
171,2,Unit-2,descriptive,2,Solve: (101011)2 - (001111)2 = (? )10 = (? )16,,,,,,,,5
172,2,Unit-2,mcq,1,The quantity (337)10 can be represented in Excess-3 code as:,100000011001,11000110111,11000111010,11001101010,D,11001101010,,5
173,2,Unit-2,mcq,1,"Which of the following statements is/are correct for Excess-3 code?
1. It is a self-complementing code.
2. The binary sum of a code and its 1's complement is equal to 1111.
3. It is a weighted code.
4. The binary sum of a code and its 2's complement is equal to 1111.
5. Complement can be generated by inverting each bit pattern.","all 1, 4, 5",only 1 & 4,"all 1, 2 ,5",only 2 & 3,C,"all 1, 2 ,5",,5
174,2,Unit-2,mcq,1,The given logic circuit represents -,4-bit binary to decimal converter,4-bit gray to binary converter,4-bit binary to gray converter,4-bit XS-3 to decimal converter,C,4-bit binary to gray converter,images/PB_DE_SEM-III_2025/q_174_1.png,5
175,2,Unit-2,mcq,1,Unit distance code is the other name of -,Sequential code,Cyclic Code,Self complementing code,2421 BCD code,B,Cyclic Code,,5
176,2,Unit-2,mcq,1,Which of the following number/s is/are in invalid format?,(CAFE) 16,(5208) 8,(110000101101) XS-3,Both B and C,D,Both B and C,,5
177,2,Unit-2,mcq,1,Which of the following is not an invalid BCD code?,1011,1010,1001,1100,C,1001,,5
178,2,Unit-2,mcq,1,An Excess-3 code for the number (FD) is given by 16 _______,0010 0101 0011,0011 0010 1000,0101 1000 0110,0101 1001 0110,C,0101 1000 0110,,5
179,2,Unit-2,descriptive,2,Subtract (3250) from (72532) using 10's complement method. 10 10,,,,,,,,5
180,2,Unit-2,mcq,1,"If a 3-input NAND gate has eight input possibilities, how many of those possibilities will result in a HIGH output?",7,1,3,4,A,7,,5
181,2,Unit-2,mcq,1,The 2421 and Excess-3 code of decimal 6 is represented by . _______,1100 and 1001,1100 and 1100,0110 and 1001,1100 and 0110,A,1100 and 1001,,5
182,2,Unit-2,mcq,1,"The transmitter transmits the 8-bit of information in form of data packet as D0 (LSB) to D7 (MSB) where D0 defines the even parity bit, D1 as start bit ='1', D2 to D5 as data bits = (5)10 in 84-2-1 code and D6 and D7 as stop bits='10' respectively in a transreceiver digital communication system. Evaluate D0.",8,2,0,1,D,1,,5
183,2,Unit-2,mcq,1,Which Logic operation should be performed between A and B for a given output X?,XNOR,XOR,OR,NAND,A,XNOR,images/PB_DE_SEM-III_2025/q_183_1.png,5
184,2,Unit-2,descriptive,2,Substract 75.125 from 84.625 using 12-bit 1's complement arithmetic.,,,,,,,,5
185,2,Unit-2,mcq,1,BCD equivalent code of octal number (1431)8 is,1.00101E+11,11100000010,1.001E+11,11110010011,D,11110010011,,5
186,2,Unit-2,mcq,1,Convert XS-3 number (11000111) into gray code,1110011,110110,1100111,1110001,D,1110001,,5
187,2,Unit-2,descriptive,3,Subtract (741.41)16 from (436.6)16 by using decimal (r-1) complement method.,,,,,,,,5
188,2,Unit-2,descriptive,3,"Perform substraction of A – B using binary diminished radix complement , where A is octal number (75) & B is octal number (53).",,,,,,,,5
189,2,Unit-2,descriptive,2,Do as directed: a) Convert the gray code 11011 into decimal. b) Convert the decimal 2493 into XS-3 code,,,,,,,,5
190,2,Unit-2,descriptive,2,Do as directed : a)Convert the decimal 1525 into gray code. b) convert (10101101)2 to 8421 code & gray code,,,,,,,,5
191,2,Unit-2,mcq,1,A processor started the operation with reflected code as one bit of change at a time when code is moving from one state to another. The obtained code in one state as 110001 and went to 101111. Convert corresponding code into binary equivalent?,100001 to 110101,101110 to 110101,111111 to 110101,0001 to 111111,A,100001 to 110101,,5
192,2,Unit-2,mcq,1,Convert (19) into XS-3 code and gray code. 10,a) (01010000) xs-3 & 11010,b) (01001100) xs-3 & 11010,c) (01001101) xs-3 & 11000,d) (01001110) xs-3 & 10010,B,b) (01001100) xs-3 & 11010,,5
193,2,Unit-2,mcq,1,The decimal equivalent of the excess-3 number 110010100011.01110101 is . _______,1253.75,861.75,970.42,1132.87,C,970.42,,5
194,2,Unit-2,mcq,1,The 10's complement of (715) is 8 _______,359,953,540,539,D,539,,5
195,2,Unit-2,mcq,1,(98.75) is equivalent to 10 _______,(142.6) 8,(62.C) 16,(10011000.01110101) BCD,All of above,D,All of above,,5
196,2,Unit-2,mcq,1,Assign the proper odd parity bit to the code 111001.,1111011,1111001,111111,0111011,B,1111001,,5
197,2,Unit-2,mcq,1,Which of the following is false? I. A 1-bit gray code has two code words 0 and 1 representing decimal numbers 0 and 1. respectively. II. 2's complement of a 2's complement of a number is the number itself. III. Excess-3 code for 369 is 011110011100.,Only 1,Only 2,Only 3,All are false,C,Only 3,,5
198,2,Unit-2,mcq,1,The 2's complement of the decimal number (-541) in hexadecimal is 10 . _______,DEE,DDD,DE3,DED,C,DE3,,5
199,2,Unit-2,mcq,1,(1111011) = ( ) GRAY XS-3,10110101,11111111,10111100,10100101,A,10110101,,5
200,2,Unit-2,descriptive,3,Which gates are called universal gates? Design exclusive-OR gate having minimum gates using one of the universal gates.,,,,,,,,5
201,2,Unit-2,mcq,1,"The transmitter transmits the 8-bit of information in form of data packet as D0 (LSB) to D7 (MSB) where D0 defines the even parity bit, D1 as start bit ='1', D2 to D5 as data bits = (9)10 in 84-2-1 code and D6 and D7 as stop bits='10' respectively in a trans receiver digital communication system. Evaluate D0",1,0,11,111,B,0,,6
202,2,Unit-2,descriptive,3,Consider P = (49.75) and Q = (55.50) . Subtract Q from P using 12-bit 2's 10 10 complement arithmetic. Express the answer in radix-10 number system.,,,,,,,,6
203,3,Unit-3,mcq,1,What is the use of boolean identities?,Minimizing the boolean expression,Maximizing the boolean expression,To evaluate logical identity,Searching of logical expression,A,Minimizing the boolean expression,,6
204,3,Unit-3,mcq,1,_______ is used to implement boolean function.,Logical notation,Arithmetic logic,Logic gates,expressions,C,Logic gates,,6
205,3,Unit-3,mcq,1,The boolean function A + BC is a reduced form of _______,AB + BC,(A + B)(A + C),A'B + AB'C,(A + C)B,B,(A + B)(A + C),,6
206,3,Unit-3,mcq,1,Simplify Y = AB' + (A' + B)C.,AB' + C,AB + AC,A'B + AC',AB + A,A,AB' + C,,6
207,3,Unit-3,mcq,1,Complement of the expression A'B + CD' is _______,(A' + B)(C' + D'),(A + B')(C' + D),(A' + B)(C' + D),(A + B')(C + D'),B,(A + B')(C' + D),,6
208,3,Unit-3,mcq,1,(A + B)(A' B') = ?,0,1,AB,AB',A,0,,6
209,3,Unit-3,mcq,1,DeMorgan's theorem states that _______,(AB)' = A' + B',(A + B)' = A' * B,A' + B' = A'B',(AB)' = A' + B,A,(AB)' = A' + B',,6
210,3,Unit-3,mcq,1,"In boolean algebra, the OR operation is performed by which properties?",Associative properties,Commutative properties,Distributive properties,All of the Mentioned,D,All of the Mentioned,,6
211,3,Unit-3,mcq,1,The expression for Absorption law is given by _______,A + AB = A,A + AB = B,AB + AA' = A,A + B = B + A,A,A + AB = A,,6
212,3,Unit-3,mcq,1,According to boolean law: A + 1 = ?,1,A,0,A',A,1,,6
213,3,Unit-3,mcq,1,The involution of A is equal to _______,A,A',1,0,A,A,,6
214,3,Unit-3,mcq,1,A(A + B) = ?,AB,1,0,A,D,A,,6
215,3,Unit-3,mcq,1,Find the simplified expression A'BC'+AC'.,B,A+C,(A+B)C',AB,C,(A+B)C',,6
216,3,Unit-3,mcq,1,(X + Z)(X + XZ') + XY + Y = ?.,XY+Z',Y+XZ'+Y'Z,X'Z+Y,X+Y,D,X+Y,,6
217,3,Unit-3,mcq,1,A'(A + BC) + (AC + B'C) = ?.,(AB'C+BC'),(A'B+C'),(A+ BC),C,D,C,,6
218,3,Unit-3,mcq,1,Simplify the expression XZ' + (Y + Y'Z) + XY.,(1+XY'),YZ + XY' + Z',(X + Y +Z),XY'+ Z',C,(X + Y +Z),,6
219,3,Unit-3,mcq,1,Y' (X' + Y') (X + X'Y) = ?,XY',X'Y,X + Y,X'Y',A,XY',,6
220,3,Unit-3,mcq,1,"If an expression is given that x+x'y'z=x+y'z, find the minimal expression of the function F(x,y,z) = x+x'y'z+yz?",y' + z,xz + y',x + z,x' + y,C,x + z,,6
221,3,Unit-3,mcq,1,Simplify XY' + X' + Y'X'.,X' + Y,XY',(XY)',Y' + X,C,(XY)',,6
222,3,Unit-3,mcq,1,"Minimize the following Boolean expression using Boolean identities.F(A,B,C) = (A+BC')(AB'+C)",A + B + C',AC' + B,B + AC,A(B' + C),D,A(B' + C),,6
223,3,Unit-3,mcq,1,"Minimization of function F(A,B,C) = AB(B+C) is _______",AC,B+C,B`,AB,D,AB,,6
224,3,Unit-3,mcq,1,Algebra of logic is termed as _______,Numerical logic,Boolean algebra,Arithmetic logic,Boolean number,B,Boolean algebra,,6
225,3,Unit-3,mcq,1,Boolean algebra can be used _______,For designing of the digital computers,In building logic symbols,Circuit theory,Building algebraic functions,A,For designing of the digital computers,,6
226,3,Unit-3,mcq,1,A value is represented by a Boolean expression. _______,Positive,Recursive,Negative,Boolean,D,Boolean,,6
227,3,Unit-3,mcq,1,A + AB + ABC + ABCD + ABCDE + …. = _______,1,A,A+AB,AB,B,A,,6
228,3,Unit-3,mcq,1,The minimum number of literal obtained on simplifying the expression ABC + A'C + AB'C + A'BC are . _______,A'C+BC,A(A+B'),C,A'B+AC',C,C,,6
229,3,Unit-3,descriptive,2,Reduce the expression: A+B (AC+(B+C')D),,,,,,,,6
230,3,Unit-3,descriptive,3,Reduce the expression: (A+(BC)')'(AB'+ABC),,,,,,,,6
231,3,Unit-3,descriptive,2,Minimize the Boolean expressions: X = ( (A'B'C')' + (A'B)' )'.,,,,,,,,6
232,3,Unit-3,descriptive,3,Find the complement of the following boolean function and reduce to a minimum numbers of literals: B'D + A'BC' +ACD + A'BC,,,,,,,,6
233,3,Unit-3,descriptive,3,Draw the logic diagram of the following function. Use one OR gate and one AND gate only. Y = (A+B)(A+C),,,,,,,,6
234,3,Unit-3,descriptive,4,Given boolean function F = XY + X'Y'+Y'Z. Implement it with only OR and NOT gates.,,,,,,,,6
235,3,Unit-3,descriptive,4,Prove that a dual of Ex-OR is also its complement.,,,,,,,,6
236,3,Unit-3,mcq,1,The logic expression (A'+B) (A+B') can be implemented by giving the inputs A and B to a two input _______,NOR Gate,NAND Gate,XOR Gate,XNOR Gate,D,XNOR Gate,,6
237,3,Unit-3,mcq,1,Which of the given boolean expression is incorrect?,A + A'B = A + B,A + AB = B,(A+B)(A+C)=A+BC,(A+B')(A+B)=A,B,A + AB = B,,6
238,3,Unit-3,mcq,1,The simplified form of boolean expression (X+Y+XY)(X+Z) is,X+Y+Z,XY+YZ,X+YZ,XZ+Y,C,X+YZ,,6
239,3,Unit-3,mcq,1,AB + A'C + BC = AB + A'C represents which theorem?,Consensus,Transposition,De Morgan's,None,A,Consensus,,6
240,3,Unit-3,mcq,1,The simplified form of boolean expression (A'BC+D)(A'D+B'C') can be written as,A'D+B'C'D,AD+BC'D,(A'+D)(B'C+D'),AD'+BCD',A,A'D+B'C'D,,6
241,3,Unit-3,short_answer,3,Determine the output X of a logic circuit shown in figure. Simplify the output expression using boolean laws and theorems. Redraw the logic circuit with the simplified expression.,,,,,,Simplified Expression is: AB',images/PB_DE_SEM-III_2025/q_241_1.png,6
242,3,Unit-3,mcq,1,"Consider the following boolean expressions: I: x.y + x'y' II: XOR (x', y') III: XOR (x', y) Which of the above expressions represents exclusive NOR operation?",I and II,"I, II and III",I and III,II and III,C,I and III,,6
243,3,Unit-3,mcq,1,Consider the boolean function: f = (a+bc)(pq+r). Complement (f)' of a function f is -,(a'+b'c')(pq'+r'),a'(b'+c')+(p'+q')r',(a'+b'c')+(p'q'+r'),a'b'c'+p'q'r',B,a'(b'+c')+(p'+q')r',,6
244,3,Unit-3,mcq,1,Derive the logic expression for the given logic diagram,C(A + B)DE,[C(A + B)D + E'],[[C(A + B)D]E'],ABCDE,A,C(A + B)DE,images/PB_DE_SEM-III_2025/q_244_1.png,7
245,3,Unit-3,mcq,1,Most Boolean reductions result in an equation in only one form.,TRUE,FALSE,,,A,TRUE,,7
246,3,Unit-3,mcq,1,"According to property of Commutative law, the order of combining terms does not affect _______",initial result of combination,final result of combination,mid-term result of combination,None,B,final result of combination,,7
247,3,Unit-3,mcq,1,According to boolean algebra which of the following relation is not valid?,X(YZ) = (XY)Z,X(Y+Z) = XY + XZ,X+XZ = X,X(X+Y)=1,D,X(X+Y)=1,,7
248,3,Unit-3,mcq,1,Simplify the following expression: F = AB'C + AB'C'+ABC,F = AC + AB',F = A'C + AB,F = AC' + AB,F = AC' + AB',A,F = AC + AB',,7
249,3,Unit-3,mcq,1,Which of the following options correctly represents the consensus law of Digital Circuits?,AB + A'C + BC = AB + A'C,A'B + A'C + BC = AB + A'C,AB + A'C + BC = AB + (AC)',A'B + A'C + BC = AB + (AC)',A,AB + A'C + BC = AB + A'C,,7
250,3,Unit-3,descriptive,4,Verify the equation by using boolean algebra: AB + AC + BC' = AC + BC',,,,,,,,7
251,3,Unit-3,descriptive,3,Find out the minimized form of a logical expression (A'B'C' + A'BC' + A'BC + ABC').,,,,,,,,7
252,3,Unit-3,mcq,1,The boolean expression (X+Y)(X+Y')+(X'Y'+X')' simplifies to,X,Y,XY,X+Y,A,X,,7
253,3,Unit-3,short_answer,3,Simplify the following boolean expression to four literals: F = A'C + C'D + B'C + AB,,,,,,AB+C+D,,7
254,3,Unit-3,mcq,1,The reduced form of complement of equation f = [(ab)'a][(ab)'b],0,1,a'b+ab',a'b',B,1,,7
255,3,Unit-3,mcq,1,The reduced form of dual of equation f = [(ab)'a][(ab)'b],0,1,a'b+ab',a'b',B,1,,7
256,3,Unit-3,mcq,1,Which of the given boolean expression is incorrect?,(A'+B')' = AB,(A+ (B')')' = A' B',(A'B')' = A+B,(A'B'')' = A'+B,D,(A'B'')' = A'+B,,7
257,3,Unit-3,mcq,1,The boolean equation x = [(A+B')(B+C)]B can be simplified to -,X = A'B,X = AB',X = AB,X = A'B',C,X = AB,,7
258,3,Unit-3,mcq,1,Find the output boolean function for the given logic circuit.,X = A'BC,X = AB'C,X = ABC,X = A'B'C,A,X = A'BC,images/PB_DE_SEM-III_2025/q_258_1.png,7
259,3,Unit-3,mcq,1,The output Y of the logic circuit is -,1,0,X,X',A,1,images/PB_DE_SEM-III_2025/q_259_1.png,7
260,3,Unit-3,descriptive,3,Simplify the following boolean expression and realize it using NOR gates only: 𝑌= 𝐴𝐵ത+ 𝐴𝐵𝐶ҧ+ 𝐴𝐵𝐶𝐷+ 𝐴𝐵𝐶𝐷ഥ,,,,,,,,7
261,3,Unit-3,descriptive,3,Simplify the following boolean expression and realize it using NAND gates only: 𝐴𝐵𝐶[𝐴𝐵+𝐶ҧ 𝐵𝐶+ 𝐴𝐶 ],,,,,,,,7
262,3,Unit-3,mcq,1,Match the appropriate pairs: (1) x+(y+z)=(x+y)+z (A) Commutative Law (2) x+y=y+x (B) Absorption Law (3) x+xy=x (C) Complementation law (4) (x')'=x (D) Associative Law,"1-B, 2-A, 3-D, 4-C","1-D, 2-A, 3-C, 4-B","1-D, 2-A, 3-B, 4-C","1-C, 2-A, 3-D, 4-B",C,"1-D, 2-A, 3-B, 4-C",,7
263,3,Unit-3,short_answer,2,Simplify: f = 𝐴𝐵+ 𝐴𝐵𝐶+ 𝐴ҧ𝐵+ 𝐴𝐵ത𝐶,,,,,,B+AC,,7
264,3,Unit-3,descriptive,2,Minimize the following function using boolean algebra: f =𝐴ҧ𝐵𝐶𝐷+ 𝐴𝐵𝐶ҧ𝐷ഥ+𝐴𝐵𝐶ҧ𝐷+ 𝐴𝐵𝐶𝐷+ 𝐴𝐵𝐶𝐷ഥ+ 𝐴𝐵ത𝐶ҧ𝐷 + 𝐴𝐵ത𝐶𝐷+ 𝐴𝐵ത𝐶𝐷ഥ,,,,,,,,7
265,3,Unit-3,descriptive,3,Simplify: f = 𝐴+ 𝐵ത𝐶 + (𝐴+ 𝐵ത𝐶) = 1,,,,,,,,7
266,3,Unit-3,short_answer,2,"Simplify the following boolean expression which represents the output of a logical decision circuit f w, x, y, z = x + xyz + 𝑥ҧ𝑦𝑧+ 𝑤𝑥+ 𝑤ഥ𝑥+ 𝑥ҧ𝑦",,,,,,x+y,,7
267,3,Unit-3,short_answer,3,"Simplify the following boolean expression which represents the output of a logical decision circuit f A, B, C, D, E = (AB + C + D)(𝐶 ҧ+ 𝐷)(𝐶 ҧ+ 𝐷+ 𝐸)",,,,,,ABC'+D,,7
268,3,Unit-3,descriptive,2,Prove the following identity: 𝐴𝐵+𝐴ҧ+ 𝐴𝐵= 0,,,,,,,,7
269,3,Unit-3,descriptive,3,Simplify the following function by using boolean algebra: Y = AB'C'D + A'B'D + BCD' + A'B + BC',,,,,,,,7
270,3,Unit-3,short_answer,2,Simplify the following function by using boolean algebra: Y = (AB + A'C + BC)(A+B'+AB'),,,,,,AB+A'B'C,,7
271,3,Unit-3,descriptive,3,Construct a logic circuit to give an output without any reduction in number of gates. Give the logic gates output step by step. 𝑋= (𝐴𝐵+𝐴ҧ𝐶)(𝐴𝐷+ 𝐶),,,,,,,,7
272,3,Unit-3,descriptive,2,Find out the complement of boolean expression : AB (B'C+AC),,,,,,,,7
273,3,Unit-3,mcq,2,The boolean function Y = AB + CD is to be realized using only 2-input NAND gates. The minimum number of NAND gates required is -,2,3,4,5,B,3,,7
274,3,Unit-3,descriptive,3,Realize the given logic circuit into appropriate boolean expression and also minimize it.,,,,,,,images/PB_DE_SEM-III_2025/q_274_1.png,8
275,3,Unit-3,descriptive,2,Make a suitable logic expression from the given truth table and also minimize it up to a single literal remaining.,,,,,,,images/PB_DE_SEM-III_2025/q_275_1.png,8
276,3,Unit-3,descriptive,3,NAND gates required to implement the function : _______ 𝐹= ( 𝑋ത+ 𝑌ത)(𝑍+ 𝑊),,,,,,,,8
277,3,Unit-3,mcq,1,The boolean expression for the given circuit is _______,A {F + (B + C) (D + E)},A [F + (B + C) (DE)],A + F + [(B + C) (D + E)],A [F + (BC) (DE)],A,A {F + (B + C) (D + E)},images/PB_DE_SEM-III_2025/q_277_1.png,8
278,3,Unit-3,mcq,1,DeMorgan's first theorem shows the equivalence of _______,OR gate and Exclusive OR gate,NOR gate and Bubbled AND gate,NOR gate and NAND gate,NAND gate and NOT gate,B,NOR gate and Bubbled AND gate,,8
279,3,Unit-3,mcq,1,((AB)'+(AC)')' = _______,A+B+C,ABC,A'BC,(A+B+C)',B,ABC,,8
280,3,Unit-3,descriptive,2,"Consider four distinct input boolean variables, in which first two and last two variables are ANDed. Then after output of both operation is Ored together. Implement the circuit based on the given information and also find its boolean expression.",,,,,,,,8
281,3,Unit-3,descriptive,2,What is the boolean expression for Y in above circuit ?,,,,,,,images/PB_DE_SEM-III_2025/q_281_1.png,8
282,3,Unit-3,mcq,1,Find out the simplified boolean equation for the given logic circuit.,(A + B) (C + D) (E + F),A+B+C+D+E+F,ABCDEF,ABC + DEF,A,(A + B) (C + D) (E + F),images/PB_DE_SEM-III_2025/q_282_1.png,8
283,3,Unit-3,mcq,1,"Four inputs A, B, C, D are fed to a NOR gate. The output of NOR gate is fed to the two successive inverter. The final output is given by - _______",A+B+C+D,(A+B+C+D)',ABCD,(ABCD)',B,(A+B+C+D)',,8
284,3,Unit-3,mcq,3,"For the logic circuit of the given figure, the minimized expression is -",Y = (AB'C)',Y = A+B+C,Y = A + B,Y = ABC,A,Y = (AB'C)',images/PB_DE_SEM-III_2025/q_284_1.png,8
285,3,Unit-3,mcq,1,"Choose the correct statement for 'literal' - (I) Literal is a primed variable only. (II) The minimization of the number of literals and the number of terms results in a circuit with less equipment (III) We can not reduce the number of literals in any given Boolean function. (IV) In the Boolean equation y=a' b+b' c+c'd, the terms a'b , b'c and c'd are known as literals.",Only I and III,Only II,Only II and IV,All are correct,B,Only II,,8
286,3,Unit-3,descriptive,2,Simplify the boolean expression to a minimum number of literals: y(wz'+wz)+xy,,,,,,,,8
287,3,Unit-3,descriptive,2,Reduce the following boolean function upto minimum five literals (including primed and unprimed variables): 𝐴𝐵𝐶+ 𝐴′𝐵′𝐶+ 𝐴′𝐵𝐶+ 𝐴𝐵𝐶′ + 𝐴′𝐵′𝐶′,,,,,,,,8
288,3,Unit-3,descriptive,2,Reduce the following boolean function upto minimum four literals (including primed and unprimed variables): 𝑋= 𝐵ത𝐷+𝐴ҧ𝐵𝐶ҧ+ 𝐴𝐶𝐷+𝐴ҧ𝐵𝐶,,,,,,,,8
289,3,Unit-3,descriptive,2,"Find the complement of F = x +yz, then show that F∙F' = 0 and F+F' = 1",,,,,,,,9
290,3,Unit-3,descriptive,3,Find the complement of the following Boolean functions and reduce them to a minimum number of literals: (𝐴′ + 𝐶)(𝐴′ + 𝐶′)(𝐴+ 𝐵+ 𝐶′𝐷)′,,,,,,,,9
291,3,Unit-3,descriptive,3,Write the Boolean expression for output X for the logic circuit shown in figure. Also show the ouput of each stage of logic gates:,,,,,,,images/PB_DE_SEM-III_2025/q_291_1.png,9
292,3,Unit-3,descriptive,3,Write the Boolean expression for output X for the logic circuit shown in figure. Also show the ouput of each stage of logic gates:,,,,,,,images/PB_DE_SEM-III_2025/q_292_1.png,9
293,3,Unit-3,descriptive,3,"Construct a logic circuit using INVERTER, AND and OR gates for the Boolean expression",,,,,,,images/PB_DE_SEM-III_2025/q_293_1.png,9
294,3,Unit-3,descriptive,2,"A network of cascaded inverters shown in fig. If a logic 1 is applied to A, Determine the logic levels from point B through F.",,,,,,,images/PB_DE_SEM-III_2025/q_294_1.png,9
295,3,Unit-3,descriptive,3,"Using boolean laws and rules, simplify the expression: Z = A'BC + AB'C' + A'B'C' + AB'C + ABC",,,,,,,,9
296,3,Unit-3,descriptive,3,"Using boolean laws and rules, simplify the expression: Z = (AB+AC)' + A'B'C and prove that Z = A' + B'C'",,,,,,,,9
297,3,Unit-3,descriptive,2,Demorganize the expression: 𝐴+ 𝐵 𝐶ഥ𝐷ഥ+ (𝐸+ 𝐹ത),,,,,,,,9
298,3,Unit-3,descriptive,3,"Simplify the boolean expression: T[x,y,z] = (x+y) (x'(y'+z'))'+x'y'+x'z'.",,,,,,,,9
299,3,Unit-3,descriptive,3,"The circuit shown in Fig. is used to implement the function Z = f (A, B) = A + B. What values should be selected for I and J ?",,,,,,,images/PB_DE_SEM-III_2025/q_299_1.png,9
300,3,Unit-3,descriptive,3,Determine the logic function realized by the circuit shown in Fig. Also minimize the output function f using laws boolean algebra.,,,,,,,images/PB_DE_SEM-III_2025/q_300_1.png,9
301,3,Unit-3,descriptive,3,"Determine by means of truth table, the validity of De Morgan's theorem for three variables: (ABC)' = A' + B' + C'",,,,,,,,9
302,3,Unit-3,descriptive,3,"A switch board contains four electrical switches which are connected in a sequence in a room: 1st switch as main power supply switch of the room, 2nd switch belongs to a fan, 3rd switch belongs to a TV and 4th switch belongs to 0 W bulb. The main power supply switch is also directly connected to the 0W bulb. Design the boolean expression of the switch board of the room such that user can operate switch board as per his requirement. Also show how the boolean expression can be minimized.",,,,,,,,9
303,3,Unit-3,mcq,1,Boolean arithmetic is a :,way to express logic statements in a traditional mathematical equation format,terrible fraud perpetrated by philosophers to disprove things they don't agree with,very difficult calculation used in astronomy,fast way to solve problems around the house,A,way to express logic statements in a traditional mathematical equation format,,9
304,3,Unit-3,short_answer,3,"Determine and minimize the Boolean expression for the output, X of a logic circuit shown in figure. Also give your comment on the minimized output. Which logic gate is represented by simplified output?",,,,,,AND gate,images/PB_DE_SEM-III_2025/q_304_1.png,9
305,3,Unit-3,descriptive,3,"Simplify the following boolean expression using laws of Boolean algebra. f(w,x,y,z)=x+x'yz+x'yz+wx+w'x+x'y Y=AB'+ABC'+ABCD+ABCD'",,,,,,,,10
306,3,Unit-3,mcq,1,"As per theorem, PQ+P'R+QR = _______ _______","Transposition, PQ+QR","Absorption, PQ+P'R","Consensus, PQ+P'R","Consensus, PQ+PR'",C,"Consensus, PQ+P'R",,10
307,3,Unit-3,mcq,1,"Which of the following statements are true? 1. An XOR gate produces an output 1 only when the inputs are not equal.
2. An XNOR gate produces an output 1 only when the inputs are equal.
3. An XOR is also called anti-coincidence gate.
4. An XNOR is also called coincidence gate.",Both 1 and 2,Both 3 and 4,Both 2 and 3,All are true,D,All are true,,10
308,3,Unit-3,mcq,1,Evaluate which one is correct?,Only 1,Only 2,Only 3,Only 4,C,Only 3,images/PB_DE_SEM-III_2025/q_308_1.png,10
309,3,Unit-3,mcq,1,"If a 3-input NAND gate has eight input possibilities, how many of those possibilities will result in a LOW output?",1,7,5,6,A,1,,10
310,3,Unit-3,descriptive,4,"The given logic diagram describes the process of an industrial operation that depends on distinct values of A, B and C. Find the boolean expressions of each level (Level 1 to level 7) also define following logic diagram belongs to which equivalent logic gate?",,,,,,,images/PB_DE_SEM-III_2025/q_310_1.png,10
311,3,Unit-3,mcq,1,Consider the following boolean expressions and Check whether the given statement/s is/are Correct or not. I: MN' + M' + M'N' = (MN)' II: Q' (P' + Q') (P + P'Q) = PQ' III: AB (A + B') + A (B + B') = A IV: A' + A'B + A'BC + A'BCD + A'BCDE + …. = A'B,Only II and IV are correct,Only III is correct,"Only I, II and III are correct",All are correct,C,"Only I, II and III are correct",,10
312,3,Unit-3,mcq,1,"The circuit shown in Fig. is used to implement the function Z = f (A, B) = (AB)'. What values should be selected for I and J ?",I= A' AND J= B',I= 1 AND J=B',I=A AND J= B,I= B' AND J= A',,Both A & B,images/PB_DE_SEM-III_2025/q_312_1.png,10
313,3,Unit-3,descriptive,2,"Given W = [(A XOR B) XNOR 1], X= [(A XOR B') XOR 0], Y= [(A XNOR B) XOR 1] and Z= [(A' XOR B) XNOR 0]. Find Output Function = W OR X OR Y OR Z as per data and simplify it using basic theorems and construct simplified function with basic logic gates.",,,,,,,,10
314,3,Unit-3,descriptive,3,Determine the output F of a logic circuit shown in figure with truth table and logical expression. Simplify the output expression using boolean laws and theorems. Redraw the logic circuit of simplified expression with two gates only.,,,,,,,images/PB_DE_SEM-III_2025/q_314_1.png,10
315,3,Unit-3,mcq,1,"If a signal passing through a gate is inhibited by sending a LOW into one of the inputs, and the output is HIGH, the gate is a(n):",a) AND,b) NAND,c) OR,d) NOR,B,b) NAND,,10
316,3,Unit-3,mcq,1,Choose correct statement/s from following i) an inverter performs complementation operation ii) process performed by inverter is known as inversion iii) an inverter contains two or more input terminal and one output terminal.,a) Only I & II,b) Only I & III,c) Only II & III,d)All of the above,A,a) Only I & II,,10
317,3,Unit-3,mcq,1,"if the boolean expression P'Q + QR + PR is minimized , the expression becomes",a) P'Q + QR,b) P'Q + PR,c) QR + PR,d) P'Q+ QR + PR,B,b) P'Q + PR,,10
318,3,Unit-3,mcq,1,A + AB = A ; A(A+B) = A represents which law ?,a) commutative,b) Absorption,c) Consensus,d) Transposition,B,b) Absorption,,10
319,3,Unit-3,mcq,1,Exclusive-OR (XOR) logic gates can be constructed from ………..logic gates,"a)AND, OR, NOT",b)OR Gate & NOT gate,c)NOR & NOT Gate,d) a & c both,D,d) a & c both,,10
320,3,Unit-3,mcq,1,The circuit shown below generates the function of F= _______,a) x⊕y,b) 0,c) xȳ + yx + ȳx,d) x + y,A,a) x⊕y,images/PB_DE_SEM-III_2025/q_320_1.png,10
321,3,Unit-3,mcq,1,"Transmitter transmit 8 bit of information in form of data packet D0 (LSB) to D7 (MSB) where D0 Defines EVEN PARITY BIT, D1 as start bit '1' , D2 to D5 as data bits (E)16 number & D6 & D7 as stop bit '10' respectively in transreceiver digital communication system. evalue the D0 = _______",a) 1,b) 11,c) 10,d) 0,A,a) 1,,11
322,3,Unit-3,mcq,1,"In the figure shown, the output Y is required to be Y = A.B + C'.D' .The gates G1 and G2 must be respectively",a) AND & OR,b) OR & NAND,c) NAND & OR,d) NOR & OR,D,d) NOR & OR,images/PB_DE_SEM-III_2025/q_322_1.png,11
323,3,Unit-3,descriptive,3,"Draw the logic diagram of boolean expression (A+B)(CD)'(E+F)' G' & its complement seperately using only two input basic logic gates ( do not use NAND , NOR , X-OR , X-NOR logic gates )",,,,,,,,11
324,3,Unit-3,mcq,1,"Which of the following is true?
1. (A+B). (AB)' = A XOR B
2. AB+(A+B)' = A XNOR B
3. A XOR B' = A XNOR B",Both 1 and 2,Both 1 and 3,Both 2 and 3,All are true,D,All are true,,11
325,3,Unit-3,descriptive,2,Simplify the Boolean expression. AB+(AC)'+AB'C(AB+C),,,,,,,,11
326,3,Unit-3,descriptive,4,The given logic diagram depends on values of A & B. Find the Boolean expressions of each level till output Y and also define following logic diagram belongs to which equivalent gate?,,,,,,,images/PB_DE_SEM-III_2025/q_326_1.png,11
327,3,Unit-3,mcq,1,Match the following 1) A+A' P. 0 2) A⊕ A Q. 1 3) 0 ⊕ A R. A 4) A'A' S. A',"a) 1-P, 2-Q, 3-R, 4-S","b) 1-Q, 2-P, 3-R, 4-S","c) 1-S, 2-R, 3-P, 4-Q","d) 1-Q, 2-P, 3-S, 4-R",B,"b) 1-Q, 2-P, 3-R, 4-S",,11
328,3,Unit-3,mcq,1,MN(M + N') + M(N + N') = _______,a) M,b) N,c) M',d) N',A,a) M,,11
329,3,Unit-3,descriptive,4,"Find out the Boolean Expression for Logic Diagram given below and simplify the output in the minimal expression, also implement the simplified expression using the AOI logic.",,,,,,,images/PB_DE_SEM-III_2025/q_329_1.png;images/PB_DE_SEM-III_2025/q_329_2.png,11
330,3,Unit-3,mcq,1,"Match the following with correct logic expression: Column A Column B
1. A' ʘ A ⊕ A' w. 1
2. A' ⊕ 0 ⊕ A x. A'
3. A ⊕ A' ʘ A y. 0
4. A' ʘ 1 ʘ A z. A","1-x, 2-z, 3-w, 4-y","1-x, 2-w, 3-z, 4-y","1-w, 2-z, 3-x, 4-y","1-y, 2-w, 3-z, 4-x",B,"1-x, 2-w, 3-z, 4-y",,11
331,4,Unit-4,mcq,1,The Sum of all Minterm is _______,0,1,2,4,B,1,,11
332,4,Unit-4,mcq,1,The Product of all Maxterm is _______,0,1,2,4,A,0,,11
333,4,Unit-4,mcq,1,"The minterm related to F(w,x,y,z)= m6 is",w'xyz',wxyz,wx'y'z,wx'yz,A,w'xyz',,11
334,4,Unit-4,mcq,1,"The Maxterm related to F(w,x,y,z)= M7 is",w+x'+y'+z',w'+x+y+z,w+x+y+z,w'+x+y'+z,A,w+x'+y'+z',,11
335,4,Unit-4,mcq,1,"Convert SOP into POS : F(A,B,C)= ∑m( 1,3,7)","π M(0,2,4,6)","π M(2,4,5,6)","π M(0,2,4)","π M(0,2,4,5,6)",D,"π M(0,2,4,5,6)",,11
336,4,Unit-4,mcq,1,"Convert POS into SOP: F(w,x,y,z) = πM( 0,1,2,6,10,12,14,15)","∑m( 3,4,5,7,8,9,11,13,16)","∑m( 0,3,4,5,7,8,9,11,13)","∑m( 3,4,5,7,8,9,11,13)","∑m( 3,4,5,8,9,11,13)",C,"∑m( 3,4,5,7,8,9,11,13)",,11
337,4,Unit-4,descriptive,2,Express the boolean function F= A + B'C in sum of minterm,,,,,,,,11
338,4,Unit-4,descriptive,2,Express the Boolean function F = AB + A'C in a product of maxterm.,,,,,,,,11
339,4,Unit-4,descriptive,2,Convert into Product-of-Maxterms: A(A'+B)(C'),,,,,,,,11
340,4,Unit-4,descriptive,2,Convert into Sum-of-Minterms: A' + B + CA,,,,,,,,11
341,4,Unit-4,descriptive,2,"Express Function in Product of Maxterms F(x,y,z) = ( xy + z ) ( y + xz )",,,,,,,,11
342,4,Unit-4,descriptive,2,"Express the Boolean function in sum of minterms F (A,B,C)=(A'+B)(B'+C)",,,,,,,,11
343,4,Unit-4,descriptive,2,"Express the Boolean function in sum of minterms F (A,B,C,D)= D(A'+B)+B'D",,,,,,,,11
344,4,Unit-4,descriptive,3,"Express the Boolean function in sum of minterms and product of max terms. F (A,B,C,D)= (A+B'+C)(A+B')(A+C'+D')(A'+B+C+D')(B+C'+D')",,,,,,,,11
345,4,Unit-4,descriptive,3,"Express the Boolean function in sum of minterms and product of max terms. F (X,Y,Z) = (XY+Z)(Y+XZ)",,,,,,,,11
346,4,Unit-4,descriptive,3,"Express the Boolean function in sum of minterms and product of max terms. F (X,Y,Z) = 1",,,,,,,,11
347,4,Unit-4,descriptive,3,"Express the Boolean function in sum of minterms and product of max terms. F (W,X,Y,Z) = Y'Z+WXY'+WXZ'+ W'X'Z",,,,,,,,11
348,4,Unit-4,descriptive,2,Expand A'+ B' to minterm and maxterm,,,,,,,,11
349,4,Unit-4,descriptive,2,Expand A+BC'+ABD'+ABCD to minterm and maxterm,,,,,,,,11
350,4,Unit-4,descriptive,3,"Convert the following Boolean function in product of maxterms and sum of minterms: F(m,n,o,p) = n'o'p+nop+mop'+m'n'o+m'no'p",,,,,,,,11
351,4,Unit-4,descriptive,2,Expand A(A'+B)(A'+B+C') to minterm and maxterm,,,,,,,,12
352,4,Unit-4,descriptive,2,"Convert the following to other canonical form F( x,y,z) = ∑( 1,3,7)",,,,,,,,12
353,4,Unit-4,descriptive,2,"Convert the following to other canonical form F( A,B,C,D) = ∑( 0,2,6,11,13,14)",,,,,,,,12
354,4,Unit-4,descriptive,2,"Convert the following to other canonical form F( X,Y,Z) = π (0,3,6,7)",,,,,,,,12
355,4,Unit-4,descriptive,2,"Convert the following to other canonical form F( A,B,C,D) = π (0,1,2,3,4,6,12)",,,,,,,,12
356,4,Unit-4,mcq,1,A Karnaugh map is an abstract form of diagram organized as a _______ matrix of squares,Venn,Cycle,Point,Block,A,Venn,,12
357,4,Unit-4,mcq,1,Which of the following code is employed by K-Map for simplification of Boolean Expression?,XS-3,Gray,BCD,Parity,B,Gray,,12
358,4,Unit-4,mcq,1,The 3-variable Karnaugh Map (K-Map) has cells for min or max _______ terms,3,6,8,2,C,8,,12
359,4,Unit-4,mcq,1,Which of the following is NOT considered for forming groups in K-map?,Diagonal,Rolling,Vertical,Horizontal,A,Diagonal,,12
360,4,Unit-4,mcq,1,"There are 3 Variable in the boolean function and the value of the function is
1. Find the number of cells in the K-Map which will contain a 1 when SOP expression is used",3,8,1,0,B,8,,12
361,4,Unit-4,mcq,1,"There are 3 Variable in the boolean function and the value of the function is
1. Find the number of cells in the K-Map which will contain a 0 when SOP expression is used _______",3,8,1,0,D,0,,12
362,4,Unit-4,mcq,1,"Given F(A, B, C, D) = ∑ m(0, 1, 2, 6, 8, 9, 10, 11) + ∑ d(3, 7, 14, 15) is a Boolean function, where m represents min-terms and d represents don't cares. The minimized logical fuction F is _______",Independent of variables,Depedent on 2 variable,Depedent on 3 variable,Depedent on 4 variable,B,Depedent on 2 variable,,12
363,4,Unit-4,mcq,1,"In simplification of a Boolean function of n variables, a group of 2^m adjacent 1s leads to a term with",m – 1 literals less than the total number of variables,m + 1 literals less than the total number of variables,n + m literals,n – m literals,D,n – m literals,,12
364,4,Unit-4,mcq,1,Looping on a K-map always results in the elimination of _______,Variables within the loop that appear only in their complemented form,Variables that remain unchanged within the loop,Variables within the loop that appear in both complemented and uncomplemented form,Variables within the loop that appear only in their uncomplemented form,C,Variables within the loop that appear in both complemented and uncomplemented form,,12
365,4,Unit-4,mcq,1,"Digital input signals A, B, C with A as the MSB and C as the LSB are used to realize the Boolean function F = m0 + m2 + m3 + m5 + m7, where mi denotes the ith minterm. In addition, F has a don't care for m1 + m4 + m6. The simplified expression for F is given by:",1,(A + C) (A' +C'),A'C' + AC,A'C + AC',A,1,,12
366,4,Unit-4,descriptive,3,"Simplify the Boolean function using K-Map: F(w,x,y,z) = Σ (0,1,2,4,5,6,8,9,12,13,14)",,,,,,,,12
367,4,Unit-4,descriptive,2,"Simplify the Boolean function using K-Map: F(w,x,y) = Σ (0,1,3,4,5,7)",,,,,,,,12
368,4,Unit-4,descriptive,3,"Obtain the simplified expression using K-Map in sum of product for the Boolean functions F= Σ(0,1,4,5,10,11,12,14).",,,,,,,,12
369,4,Unit-4,descriptive,3,"Simplify the Boolean function F(x,y,z)= ∑m(0,1,2,3,4,5,6) using K- map. Explain groups",,,,,,,,12
370,4,Unit-4,descriptive,3,"Simplify the following Boolean function using K-map F( w,x,y,z) = Σ( 1, 3, 7 , 11 , 15 )",,,,,,,,12
371,4,Unit-4,descriptive,4,Simplify the following Boolean function using K-Map. F=A′B′C′+B′CD′+A′BCD′+AB′C.,,,,,,,,12
372,4,Unit-4,descriptive,4,Obtain the simplified expressions in sum of products using K-map: x'z + w'xy' + w(x'y + xy'),,,,,,,,12
373,4,Unit-4,descriptive,3,"Simplify following boolean function using K-Map: Y = Σm(1, 5, 7, 9, 11, 13, 15)",,,,,,,,12
374,4,Unit-4,descriptive,2,"Simplify following boolean function using K-Map: Y = Σm(0, 2, 3, 5)",,,,,,,,12
375,4,Unit-4,descriptive,3,"Simplify following boolean function using K-Map: Y = Σm(1, 3, 5, 9, 11,13)",,,,,,,,12
376,4,Unit-4,descriptive,3,"Simplify following boolean function using K-Map: Y = Σm(0, 2, 5, 6, 7, 8, 10, 13, 15)",,,,,,,,12
377,4,Unit-4,descriptive,3,"Simplify following boolean function using K-Map: Y = Σm(1, 5, 6, 7, 11, 12, 13, 15)",,,,,,,,12
378,4,Unit-4,descriptive,3,"Simplify following boolean function using K-Map: Y = Σm(1, 3, 4, 5, 7, 9, 11, 13, 15)",,,,,,,,12
379,4,Unit-4,descriptive,3,"Simplify Boolean function using K-Map: F( w,x,y,z) = ∑( 1,3,5,8,9,11,15)",,,,,,,,12
380,4,Unit-4,descriptive,3,"Simplify the Boolean Function with Karnaugh map: F(w,x,y,z) = Σ(0,1,2,4,5,6,8,9,12,13,14,15)",,,,,,,,12
381,4,Unit-4,descriptive,4,Simplify the Boolean Function with Karnaugh map: F = A'B'C'+B'CD'+A'BCD'+AB'C',,,,,,,,12
382,4,Unit-4,descriptive,2,"Simplify the Boolean function F(x,y,z)= Σ (0,2,4,5,6) using K- map.Explain groups.",,,,,,,,12
383,4,Unit-4,descriptive,4,Simplify following boolean function using K-Map: Y = AB'C'D' + AB'C'D + AB'CD + AB'CD',,,,,,,,12
384,4,Unit-4,descriptive,4,Simplify using K-map F= AB'C + AB'C'D + ABC'D + ABC,,,,,,,,12
385,4,Unit-4,descriptive,3,Simplify using K-map F= A'B'C + A'BC + ABC + ABC',,,,,,,,12
386,4,Unit-4,descriptive,3,"Minimize following Boolean function using K-map: X(A,B,C,D) = Σ m(0, 1, 2, 3, 5, 7, 8, 9, 11, 15)",,,,,,,,12
387,4,Unit-4,descriptive,3,"Simplify the Boolean function, F=Σm(0,1,2,5,8,9,10)",,,,,,,,12
388,4,Unit-4,descriptive,4,"Minimize following Boolean function using K-map F = Σ m(1, 2, 4, 6, 7, 11, 15) + Σ d(0, 3)",,,,,,,,12
389,4,Unit-4,descriptive,4,"Minimize the following function using K-Map F = Σm(0,2,6,10,11,12,13) + d(3,4,5,14,15)",,,,,,,,12
390,4,Unit-4,descriptive,4,"Simply the Boolean Function using K-map : F(W,X,Y,Z) = ∑(1, 3, 7, 11, 15) with don't care conditions d(W,X,Y,Z) = ∑(0, 2, 5)",,,,,,,,12
391,4,Unit-4,descriptive,4,"Reduce the given function using K-map F(A,B,C,D ) = Σm (0,1,3,7,11,15) + Σd ( 2,4)",,,,,,,,12
392,4,Unit-4,descriptive,4,"Minimize the following logic function using K-maps F(A,B,C,D) =∑m(1,3,5,8,9,11,15) + d(2,13)",,,,,,,,12
393,4,Unit-4,descriptive,4,"Minimize the following function using K-map F (w,x,y,z) = Σm (0,1,2,3,6,7,13,14) + Σd (8,9,10,12)",,,,,,,,12
394,4,Unit-4,descriptive,3,"Minimize the following functions using K Map F =ΠM(0,4,9,10,11,14,15)",,,,,,,,12
395,4,Unit-4,descriptive,4,"Minimize the logic function F (A,B,C,D) = π M (1, 2, 3, 8, 9, 10, 11, 14) . d (7, 15) Use Karnaugh map. Draw the logic circuit for simplified function using NOR gates only.",,,,,,,,12
396,4,Unit-4,descriptive,4,"Simplify Boolean function F (w,x,y,z ) = Σ (0,1,2,4,5,6,8,9,12,13,14 ) using K-map and Implement it using NAND gates only",,,,,,,,12
397,4,Unit-4,descriptive,4,"Solve the following Boolean functions by using K-Map. Implement the simplified function by using logic gates F =(w,x,y,z) =∑(0,1,4,5,6,8,9,10,12,13,14)",,,,,,,,12
398,4,Unit-4,descriptive,4,"Reduce the expression F = ∑m(0,2,3,4,5,6) using K-map and implement using NAND gates only.",,,,,,,,13
399,4,Unit-4,descriptive,3,"Implement the function F=∑(0,6) with NAND gates only.",,,,,,,,13
400,4,Unit-4,descriptive,3,"Implement the function F=∑(0,6) with NOR gates only",,,,,,,,13
401,4,Unit-4,descriptive,4,"Obtain the simplified expressions in SOP for the following Boolean function using K-Map method. And implement it using NAND gate. F(A,B,C,D) = ABC+AB'C+BCD'+A'CD",,,,,,,,13
402,4,Unit-4,descriptive,4,"Reduce using mapping the expression ∑m(0, 1, 2, 3, 5, 7, 8, 9, 10, 12. 13) and implement it with any universal logic.",,,,,,,,13
403,4,Unit-4,descriptive,4,"Reduce using mapping the expression πM(2, 8, 9, 10, 1, 12, 14) and implement it with any universal logic",,,,,,,,13
404,4,Unit-4,descriptive,4,"Reduce using mapping the expression ∑m(1, 5, 6, 12,13, 14)+ d(2,4) and implement it in universal logic.",,,,,,,,13
405,4,Unit-4,descriptive,4,"Reduce using mapping the expression ∑m(0,1, 3, 5, 6, 12,13, 14)+ d(2,7,8,15) and implement it in universal logic.",,,,,,,,13
406,4,Unit-4,descriptive,4,"Reduce using mapping the expression ∑m(0, 1, 4, 7, 13, 14) + d(5, 8, 15) and implement it in universal logic.",,,,,,,,13
407,4,Unit-4,descriptive,4,"Reduce using mapping the expression πM(0,1 ,3 4, 5, 7, 10, 13, 14, 15)and implement it in universal logic.",,,,,,,,13
408,4,Unit-4,descriptive,4,"Reduce using mapping the expression πM(2, 4, 6, 8, 10, 12, 15) and implement it in universal logic.",,,,,,,,13
409,4,Unit-4,descriptive,4,"Reduce using mapping the expression πM(0, 1, 4, 6, 8, 9, 11) and d(2, 7, 13) and implement it in universal logic.",,,,,,,,13
410,4,Unit-4,descriptive,4,"Reduce using mapping the expression πM(2, ,4 ,5 7, 9, 12) and d(0, 1, 6) and implement it in universal logic.",,,,,,,,13
411,4,Unit-4,descriptive,5,"The inputs to a computer circuit are the 4 bits of the binary number A3A2A1A0 The circuit is required to produce a 1 if any of the following conditions hold.
1. The MSB is 1 and all other bits are 0.
2. A2 is a 1 and the all other bits are 0.
3. All of the 4 bits are 0.
4. A1 and A0 is 1 and other bits are 0 Obtain a minimal expression using K-map and implement it with NAND gate",,,,,,,,13
412,4,Unit-4,descriptive,5,"A8A4A2A1 is an Binary input to a logic circuit whose output is a 1 when A8=0, A4=0 and A2=1,or when A8=0 and A4=1.Design the simplest possible logic circuit with NAND gate only using K-map in SOP form.",,,,,,,,13
413,4,Unit-4,mcq,1,The is a very useful and convenient tool for simplification of _______ Boolean functions for large numbers of variables.,Quine McCluskey tabulation method,K-map,SOP K-map,POS k-map,A,Quine McCluskey tabulation method,,13
414,4,Unit-4,mcq,1,The implicants which will definitely occur in the final expression are called,Prime implicant,Non-prime implicant,Essential Prime implicant,implicant,C,Essential Prime implicant,,13
415,4,Unit-4,mcq,1,is a group of minterms which can't be combined with any other _______ groups.,Odd implicant,Even implicant,Prime implicant,Non-prime implicant,C,Prime implicant,,13
416,4,Unit-4,mcq,1,"In the Quine-McClusky method of minimization of the function f(A, B, C, D) the PI corresponding to -1 1- is",BC,AD,B'C',A'D',A,BC,,13
417,4,Unit-4,mcq,1,"In the Quine-McClusky method of minimization of the function f(A, B, C, D) the PI corresponding to -1 -0 is",BD',B'D,AC,A'C',A,BD',,13
418,4,Unit-4,mcq,1,Unchecked terms in the PI table forms are called _______,Prime implicant,Non-prime implicant,Essential Prime implicant,implicant,A,Prime implicant,,13
419,4,Unit-4,descriptive,5,"Simplify following Boolean function by using the tabulation method F=∑( 0,1,3,7,8,9,11,15 )",,,,,,,,13
420,4,Unit-4,descriptive,5,"Simplify the following Boolean expression by means of the Tabulation method. F(A,B,C,D) = ∑m (1,2,3,5,6,7,8,9,12,13,15).",,,,,,,,13
421,4,Unit-4,descriptive,5,"Simplify the following boolean function using tabulation method and draw logic diagram using AND-OR-NOT gates. F(w, x, y, z) = Σ(0, 1, 2, 8, 10, 11, 14, 15)",,,,,,,,13
422,4,Unit-4,descriptive,5,"Obtain the set of prime implicants for Σ m (0, 1, 6, 7, 8, 9, 13, 14, 15)",,,,,,,,13
423,4,Unit-4,descriptive,5,"Obtain the set of prime implicants for Σ m (0,1 ,3, 4, 5, 7, 10, 11, 13, 14, 15)",,,,,,,,13
424,4,Unit-4,descriptive,5,"Obtain the set of prime implicants for Σ m (0,1, 2 ,3 6, 7, 8, 10, 11, 12, 15)",,,,,,,,13
425,4,Unit-4,descriptive,4,"Obtain the set of prime implicants for Σ m(5, 6, 12, 13, 14)",,,,,,,,13
426,4,Unit-4,descriptive,5,"Simplify Boolean function by using the tabulation method F = ∑m( 1,2 ,5 6, 8, 9, 10,11,12,15)",,,,,,,,13
427,4,Unit-4,descriptive,5,"Simplify Boolean function by using the tabulation method F = ∑m( 0, 1, 2,4, 6,7, 8, 9, 11,13)",,,,,,,,13
428,4,Unit-4,descriptive,5,"Simplify Boolean function by using the tabulation method F = ∑m(0,1,2,4,5,6, 7,9,12)",,,,,,,,13
429,4,Unit-4,descriptive,5,"Find Essential Prime Implicants of F = ∑m(1,2,3,5,7,10,11,14,15)",,,,,,,,13
430,4,Unit-4,descriptive,5,"Design Prime Implicant chart and calculate essential Prime Implicants for the function F = ∑m(0,1,4,5,7,8,13,14,15)",,,,,,,,13
431,4,Unit-4,descriptive,4,"Calculate number of essential prime implicants for F = ∑m(3,4,5,9,10,11,14)",,,,,,,,13
432,4,Unit-4,descriptive,5,"Simplify the following Boolean function F(W,X,Y,Z)=∑m(2,6,8,9,10,11,14,15) using Quine-McClukey tabular method.",,,,,,,,13
433,4,Unit-4,descriptive,5,"Using the tabular method of simplification, find all equally minimal solutions for the function F(A,B,C,D) = (1,4,5,10,12,14)",,,,,,,,13
434,4,Unit-4,descriptive,3,"Consider the function f(A, B, C, D) = (0,1,2,3,5,7,8,10,12,13,15) and its prime implicants are A'B' from pair (0,1,2,3) , B'D' from (0,2,8,10) , A'D from (1,3,5,7) , BD from (5,7,13,15) , AC'D' from (8,12) and ABC' from (12,13). Design Prime implicant chart and find out essential prime implicants.",,,,,,,,13
435,4,Unit-4,descriptive,4,"Calculate essential prime implicants using Prime implicant chart and also obtain simplified logical expression for F= (3,4,5,6,7,10,11,12,13,15)",,,,,,,,13
436,4,Unit-4,descriptive,4,"Simplify the following boolean function F(w, x, y, z) = ∑m(6, 7, 8, 9, 10, 11, 12, 13, 14, 15) using Quine-McCluskey method.",,,,,,,,13
437,4,Unit-4,mcq,1,Which Boolean function the following Karnaugh map represent?,A + C,A' + C,A + C',A + CA',B,A' + C,images/PB_DE_SEM-III_2025/q_437_1.png,13
438,4,Unit-4,mcq,1,𝐴 ҧ𝐵 + 𝐶 𝐷 is the simplified version of the Boolean expression F only if there were a 'don't care' entry. What is that don't care term ? F = 𝐴𝐵𝐶𝐷+ 𝐴ҧ𝐵ത𝐶𝐷+ 𝐴ҧ𝐵,AB'CD,AB'C'D,A'BCD,A'BC'D,A,AB'CD,,13
439,4,Unit-4,mcq,1,"There are 4 variables P, Q, R and S in Boolean function and the value of the function is 0. Find the number of cells in the K-map which will contain 0 when POS expression is used.",15,1,0,16,D,16,,13
440,4,Unit-4,descriptive,2,"Convert the following Boolean function in product of max terms and sum of minterms: F(p,q,r,s) = (p' + q + r) (q' + r + s) (p + s')",,,,,,,,14
441,4,Unit-4,descriptive,5,"Obtain the simplified Boolean expression for the following Boolean function with don't care condition and implement the simplified function with NOR gates only. F (w, x, y, z) = w'y'x'z' + w'x'yz' + x'yz'w + yzwx' + wy'z'x + wzxy' + ywxz' + wxyz d (w, x, y, z) = w'x'yz + zw'xy + y'z'wx' + y'zwx'",,,,,,,,14
442,4,Unit-4,descriptive,5,"Obtain the simplified boolean expression for the following boolean function with don't care condition and implement the simplified function with two input NAND gates only. F(w,x,y,z) = w′ x z + w′ y z + x′ z′ y + w y′ x z d = w y z",,,,,,,,14
443,4,Unit-4,descriptive,3,"Simplify Boolean function F (W, X, Y, Z) = Σ (0, 1, 2, 4, 5, 6, 8, 9, 10, 12,13) using K-map and implement it using NAND gates only.",,,,,,,,14
444,4,Unit-4,descriptive,5,"Simplify Boolean function using the tabulation method F (A, B, C, D) = ∑m (0, 1, 2, 3, 5, 6, 8, 9, 10, 12, 13, 14, 15)",,,,,,,,14
445,4,Unit-4,mcq,1,"Express the Boolean function F (X, Y) = 1 in canonical form.",x'y' + x'y + xy' + xy,xy,x + y,X'Y' + XY + XY' + XY,A,x'y' + x'y + xy' + xy,,14
446,4,Unit-4,descriptive,1,"Given F(A, B, C, D) = ∑ m(2, 6, 8, 9, 10, 11) + ∑ d(3, 7, 14, 15) is a Boolean function, where m represents min-terms and d represents don't cares. The minimized logical function F is",,,,,,,,14
447,4,Unit-4,descriptive,3,"Express the Boolean function in sum of minterms and product of max terms. F (W,X,Y,Z) = YZ+WXY+WXZ+ WXZ",,,,,,,,14
448,4,Unit-4,descriptive,4,"Minimize the logic function F(A,B,C,D) = πM(1, 2, 3, 8, 9, 10, 11, 14).d (7, 15) Use Karnaugh map. Draw the logic circuit for simplified function using NOR gates only.",,,,,,,,14
449,4,Unit-4,descriptive,5,"Simplify Boolean function by using the tabulation method F(A,B,C,D)=∑m(2,3,6,7,8,9,10,11,12,13,14,15)",,,,,,,,14
450,4,Unit-4,mcq,1,"F=∑ m (1,3,4,5,7,9,13) is a simplified version of the Boolean expression D+A'.B only if there were a 'don't care' entry. What is that don't care term?","6,11,15","6,11,14","6,10,15","7,9,15",A,"6,11,15",,14
451,4,Unit-4,mcq,1,Which Boolean function does the following k-map represent?,XNOR,AND,OR,NAND,A,XNOR,images/PB_DE_SEM-III_2025/q_451_1.png,14
452,4,Unit-4,descriptive,4,Implement the following functions using the don't-care conditions. F = A′B′C′ + AB′D + A′B′CD′ d = ABC + AB′D′ Also implement the simplified expression using NAND gates only.,,,,,,,,14
453,4,Unit-4,descriptive,3,Implement the following functions using the don't-care conditions. F = A′B′C′ + AB′D + A′CD′ d = ABC + AB′D′ Also implement the simplified expression using NOR gates only.,,,,,,,,14
454,4,Unit-4,descriptive,2,"Given the Boolean function F in three variables R, S and T as F=R'ST'+RS'T+RST
(a) Express F in the minimum product-of-sums form.
(b) Assuming that both true and complement forms of the input variables are available, draw a circuit to implement F using the minimum number of 2 input NOR gates only",,,,,,,,14
455,4,Unit-4,descriptive,1,"Simplify the following function using Tabulation method: Show all steps along with PI chart and EPI terms. F(W,X,Y,Z)=∑m( 0, 2, 3, 6, 7, 8, 9, 10, 11, 12, 13, 14, 15)",,,,,,,,14
456,4,Unit-4,descriptive,5,"Simplify the following function using Tabulation method: F(W,X,Y,Z)=∑m( 0,1,2,5,6,7,8,9,10,14)",,,,,,,,14
457,4,Unit-4,descriptive,3,"Express Function in Maxterms and Minterms: F(x,y,z) = ( xy + z ) ( y + xz )",,,,,,,,14
458,4,Unit-4,descriptive,3,"In certain application, four inputs A, B, C, D (both true and complement forms available) are fed to logic circuit, producing an output F which operates a relay. The relay turns on when F(ABCD)=1 for the following states of the inputs (ABCD):'0000','0010' ,'0101','0110','1101' and '1110'. States '1000' and '1001' do not occur, and for the remaining states, the relay is off. Remaining states, the relay is off. Minimize F with the help of a Karnaugh map and realize it using a minimum number of 3- input NAND gates.",,,,,,,,14
459,5,Unit-5,mcq,1,A digital system consists of types of circuits _______,2,3,4,5,A,2,,14
460,5,Unit-5,mcq,1,Half-adders have a major limitation in that they cannot _______,Accept a carry bit from a present stage,Accept a carry bit from a next stage,Accept a carry bit from a previous stage,Accept a carry bit from the following stages,C,Accept a carry bit from a previous stage,,14
461,5,Unit-5,mcq,1,"If A, B and C are the inputs of a full adder then the carry is given by _______",A AND B OR (A OR B) AND C,A AND B OR (A XOR B) AND C,(A AND B) OR (A AND B)C,A XOR B XOR (A XOR B) AND C,B,A AND B OR (A XOR B) AND C,,14
462,5,Unit-5,mcq,1,"How many minimum AND, OR and EXOR gates are required for the basic configuration of full adder?","1, 2, 2","2, 1, 2","3, 1, 2","4, 0, 1",B,"2, 1, 2",,14
463,5,Unit-5,mcq,1,"In a combinational circuit, the output at any time depends only on the at that time. _______",Voltage,Intermediate values,Input values,Clock pulses,C,Input values,,14
464,5,Unit-5,mcq,1,"Procedure for the design of combinational circuits are: A. From the word description of the problem, identify the inputs and outputs and draw a block diagram. B. Draw the truth table such that it completely describes the operation of the circuit for different combinations of inputs. C. Simplify the switching expression(s) for the output(s). D. Implement the simplified expression using logic gates. E. Write down the switching expression(s) for the output(s).","B, C, D, E, A","A, D, E, B, C","A, B, E, C, D","B, A, E, C, D",C,"A, B, E, C, D",,14
465,5,Unit-5,descriptive,3,Implement a combinational circuit of half adder using AOI gate.,,,,,,,,14
466,5,Unit-5,descriptive,3,Implement a combinational circuit of half adder using NAND logic gates.,,,,,,,,14
467,5,Unit-5,descriptive,3,Implement a combinational circuit of half adder using NOR logic gates.,,,,,,,,14
468,5,Unit-5,descriptive,4,Implement a combinational circuit of full adder using only 2- input NAND logic gates.,,,,,,,,14
469,5,Unit-5,descriptive,4,Implement a combinational circuit of full adder using only 2- input NOR logic gates.,,,,,,,,15
470,5,Unit-5,descriptive,3,Implement a combinational circuit of full adder using AOI gates.,,,,,,,,15
471,5,Unit-5,descriptive,3,Implement a combinational circuit of half subtractor.,,,,,,,,15
472,5,Unit-5,descriptive,3,Implement a combinational circuit of half subtractor using NAND logic gates.,,,,,,,,15
473,5,Unit-5,descriptive,3,Implement a combinational circuit of half subtractor using NOR logic gates.,,,,,,,,15
474,5,Unit-5,descriptive,4,Implement a combinational circuit of full subtractor using only 2- input NAND logic gates.,,,,,,,,15
475,5,Unit-5,descriptive,4,Implement a combinational circuit of full subtractor using only 2- input NOR logic gates.,,,,,,,,15
476,5,Unit-5,descriptive,3,Implement a combinational circuit of full subtractor using AOI gates.,,,,,,,,15
477,5,Unit-5,descriptive,5,Show how a full-adder can be converted to a full-subtractor with the addition of inverter circuit.,,,,,,,,15
478,5,Unit-5,descriptive,5,"With logic circuit describe the function of: Full adder,write the simplified Boolean functions for its outputs.",,,,,,,,15
479,5,Unit-5,descriptive,4,Design the truth table of full adder and implement using minimum number of logic gates.,,,,,,,,15
480,5,Unit-5,descriptive,4,Design the truth table of full subtractor and implement using minimum number of logic gates.,,,,,,,,15
481,5,Unit-5,descriptive,4,Design a full adder circuit using two half adders and gates.,,,,,,,,15
482,5,Unit-5,descriptive,3,Differentiate between serial and parallel adders.,,,,,,,,15
483,5,Unit-5,mcq,1,"In a half-subtractor circuit with X and Y as inputs, the Borrow (M) and Difference (N = X - Y) are given by","M=X⨁Y,N=XY","M=XY,N=X⨁Y","M=X'Y,N=X⨁Y","M=X'Y,N=(X⨁Y)'",,"M=X'Y,N=X⨁Y",,15
484,5,Unit-5,short_answer,1,"A combinational logic circuit has memory characteristics that ""remember"" the inputs after they have been removed.",,,,,,False,,15
485,5,Unit-5,short_answer,1,"To implement the full-adder sum functions, two exclusive-OR gates can be used.",,,,,,True,,15
486,5,Unit-5,mcq,1,A half-adder does not have . _______,carry in,carry out,two inputs,all of the above,A,carry in,,15
487,5,Unit-5,mcq,1,Which of the statements below best describes the given figure?,"Half-carry adder; Sum = 0, Carry = 1","Half-carry adder; Sum = 1, Carry = 0","Full-carry adder; Sum = 1, Carry = 0","Full-carry adder; Sum = 1, Carry = 1",A,"Half-carry adder; Sum = 0, Carry = 1",images/PB_DE_SEM-III_2025/q_487_1.png,15
488,5,Unit-5,mcq,1,A full-adder adds . _______,two single bits and one carry bit,two 2-bit binary numbers,two 4-bit binary numbers,two 2-bit numbers and one carry bit,A,two single bits and one carry bit,,15
489,5,Unit-5,mcq,1,The carry propagation delay in 4-bit full-adder circuits:,is cumulative for each stage and limits the speed at which arithmetic operations are performed,is normally not a consideration because the delays are usually in the nanosecond range,decreases in direct ratio to the total number of full-adder stages,"increases in direct ratio to the total number of full-adder stages, but is not a factor in limiting the speed of arithmetic operations",A,is cumulative for each stage and limits the speed at which arithmetic operations are performed,,15
490,5,Unit-5,mcq,1,Two 4-bit binary numbers (1011 and 1111) are applied to a 4-bit parallel adder. The carry input is 1. What are the values for the sum and carry output?,"∑4 ∑3 ∑2 ∑1=0111, C = 0 out","∑4 ∑3 ∑2 ∑1 = 1111, C = 1 out","∑4 ∑3 ∑2 ∑1= 1011, C = 1 out","∑4 ∑3 ∑2 ∑1= 1100, C = 1 out",C,"∑4 ∑3 ∑2 ∑1= 1011, C = 1 out",,15
491,5,Unit-5,mcq,1,A full-adder has a C = 0. What are the sum 0 and the carry (C ) when A = in out 1 and B = 1?,"∑= 0, C = 0 out","∑ = 0, C = 1 out","∑= 1, C = 0 out","∑= 1, C = 1 out",B,"∑ = 0, C = 1 out",,15
492,5,Unit-5,mcq,1,An adder in which bits of the operand are added one after another,Half adder,Half subtractor,Serial Adder,parallel Adder,C,Serial Adder,,15
493,5,Unit-5,mcq,1,What is the major difference between half-adders and full-adders?,Full-adders are made up of two half-adders,Full adders can handle double-digit numbers,Full adders have a carry input capability,Half adders can handle only single- digit numbers,C,Full adders have a carry input capability,,15
494,5,Unit-5,mcq,1,A combinational circuit calculates the arithmetic sum in a parallel way. What is the name of the adder?,Sequential Adder,Parallel Adder,Serial Adder,Both 1) & 2),B,Parallel Adder,,15
495,5,Unit-5,short_answer,1,"To implement a half adder and half subtractor ,the no. of basic(AND,OR,NOT) gates required is and respectively. _______ _______",,,,,,"6,5",,15
496,5,Unit-5,mcq,1,"A binary half-subtractor having two inputs A and B, the correct set of logical outputs D(=A minus B) and X(=borrow) are
1.The difference output D=A'B+AB'
2.The borrow output B=AB' Which of the above is/are correct?",1 Only,2 Only,none,Both 1 and 2,A,1 Only,,15
497,5,Unit-5,mcq,1,The number of full and half-adders required to add 16-bit numbers is,"8half-adders, 8 full- adders","1 half-adder,15 full- adders","16 half-adders, 0 full-adders","4 half-adders, 12 full- adder",B,"1 half-adder,15 full- adders",,15
498,5,Unit-5,descriptive,1,How Serial Adder differ from Parallel Adders?,,,,,,,,15
499,5,Unit-5,mcq,1,The half-adder can be implemented from which of the following equation?,S = xy′ + x′y C = xy,S = (x + y) (x′ + y′) C = x y,S = (C + x′y′)′ C = xy,All of above,D,All of above,,15
500,5,Unit-5,mcq,1,Full adder has _______,3 inputs,8 inputs,4 inputs,10 inputs,A,3 inputs,,15
501,5,Unit-5,mcq,1,half adder is an example of-,Combinational circuit,Sequential circuit,Asynchronous circuit,None of these,A,Combinational circuit,,15
502,5,Unit-5,mcq,1,How many full adders are needed to add two 4-bit numbers with a parallel adders?,2,4,16,8,B,4,,15
503,5,Unit-5,mcq,1,The logic diagram shown in the figure performs the function of building block,Half adder,Full adder,Half substractor,Multiplier,A,Half adder,images/PB_DE_SEM-III_2025/q_503_1.png,15
504,5,Unit-5,mcq,1,Two binary digits are applied to input of two input Ex-or gate. The output of the logic can generate,Sum output,Difference output,Either sum or difference output,Carry output of a half adder,C,Either sum or difference output,,15
505,5,Unit-5,mcq,1,Two binary digits are applied to the input of two input AND gate. The output of the logic can generate,Borrow out of half substractor,Carry out of half adder,Sum output of half adder,Difference output of half adder,B,Carry out of half adder,,15
506,5,Unit-5,mcq,1,Number of half and full adder required to construct a sixty four bit binary adder would be,One half adder and 63 full adders,64 full adders,64 half adders,one full adder and 63 half adder,A,One half adder and 63 full adders,,15
507,5,Unit-5,mcq,1,A full substractor can be constructed from two half substractor and one,Two input OR gate,Two input AND gate,Two input Ex-or gate,Three input OR gate,A,Two input OR gate,,15
508,5,Unit-5,mcq,1,A full adder can be constructed from two half adder and one,Two input OR gate,Two input AND gate,Two input Ex-or gate,Three input OR gate,A,Two input OR gate,,15
509,5,Unit-5,mcq,1,"A 4 ×1 MUX is shown in the figure below, the output Z is _______ (Where S1 is MSB and S2 is LSB)","F(A,B,C) = A ⊕ C","F(A,B,C) = A⊙C","F(A,B,C) = (A⊙C)'",Both 1 and 3,D,Both 1 and 3,images/PB_DE_SEM-III_2025/q_509_1.png,16
510,5,Unit-5,mcq,1,"A, B and Cin are the three inputs of a full adder circuit and D0, D1, ..., D7 are the inputs of 8×1 multiplexer. S2 (MSB), S1 and S0 (LSB) are the selection lines of the multiplexer. To implement the expression of sum of full adder circuit using this multiplexer, the connections of the input ports and selection lines are","D0=D3=D5=D6=0,D 1=D2=D4=D7=1, S2=A,S1=B and S0=Cin","D0=D3=D5=D6=1,D 1=D2=D4=D7=0,S2 =Cin,S1=B and S0=A","D0=D2=D3=D6=0,D1=D4 =D5=D7=1,S2=A,S1=B and S0=Cin","D0=D1=D5=D7=1, D2=D3=D4=D6=0, S2=Cin,S1=B and S0=A",A,"D0=D3=D5=D6=0,D 1=D2=D4=D7=1, S2=A,S1=B and S0=Cin",,16
511,5,Unit-5,mcq,1,"There are eight news channels are connected at 8:1 MUX with the selection line of S2, S1, S0: if Ch-1 as ""AAJ TAK"", Ch-2 as ""NDTV"", Ch-3 as ""24x7"", Ch-4 as ""ZEE NEWS"", Ch-5 as ""INDIA TV"", Ch-6 as ""BBC NEWS"", Ch-7 as ""TV18"", Ch-8 as ""DD NEWS"" and Selection lines are S2, S1, S0 as 101 so which channel would be selected:",AAJ TAK,NDTV,BBC NEWS,TV18,C,BBC NEWS,,16
512,5,Unit-5,descriptive,4,What are the advantages of parallel adders over serial adders? Two 4-bit binary numbers (1011 and 1111) are applied to a 4-bit parallel adder. The carry input is 1. What are the values for the sum and carry output?,,,,,,,,16
513,5,Unit-5,descriptive,4,Design Truth Table and give Boolean function for Full-Subtractor circuit and implement it using half subtractor and gates.,,,,,,,,16
514,5,Unit-5,mcq,1,Which of the following statements is/are not correct? 1) A half-adder is an arithmetic circuit that adds two binary digits. 2) A half-subtractor is an arithmetic circuit that subtracts two binary digits. 3) A full-subtractor is an arithmetic circuit that subtracts two binary digits along with borrow bit. 4) A full-adder is an arithmetic circuit that adds one binary digit and carry bit.,Only 1,Only 4,Only 3,Only 2,B,Only 4,,16
515,5,Unit-5,mcq,1,"Which of the following is correct Boolean function of sum and carry of Full adder, the inputs are A, B and C (internal carry)?","S = A xor B xor C, Cout = AB + BC' +AC","S = A xnor B xor C, Cout = AB + BC +AC","S = A xor B xor C, Cout = AB + (A xor B).C","S = A xor B xor C, Cout = AB + (A xor B').C",C,"S = A xor B xor C, Cout = AB + (A xor B).C",,16
516,5,Unit-5,mcq,1,"Which of the following Boolean function of difference and borrow out (Bout) of full subtractor circuit, if the inputs are A, B and C (previous borrow)?","D = A XOR B XOR C, Bout = A'B + AC + B'C'","D = A XOR B XOR C, Bout = A'B + A'C + BC","D = A XOR B XOR C, Bout = A'B + A'C + B'C","D = A XOR B XOR C, Bout = AB + AC + BC",B,"D = A XOR B XOR C, Bout = A'B + A'C + BC",,16
517,5,Unit-5,mcq,1,The logic diagram shown in the following figure performs the function of a very common arithmetic building block. Identify the logic function.,Half subtractor,Full adder,Full subtractor,Half adder,A,Half subtractor,images/PB_DE_SEM-III_2025/q_517_1.png,16
518,5,Unit-5,mcq,1,"In BCD addition, 0110 is required to be added to the sum for getting the correct result, if -",The sum of two BCD numbers is not a valid BCD number,The sum of two BCD number is greater than (1010)BCD only,a carry is produced,Both A and C,D,Both A and C,,16
519,5,Unit-5,descriptive,4,Design the digital circuit that adds (8) with (7) in parallel and BCD BCD produces a sum digit also in BCD format. Show the appropriate circuit diagram and steps that describe the BCD addition process.,,,,,,,,16
520,5,Unit-5,descriptive,2,Design Binary Parallel Adder for addition of two binary numbers A= 1010 and B= 1110,,,,,,,,16
521,5,Unit-5,descriptive,3,Design 4-Bit BCD adder which perform BCD addition of two decimal number 5 and 7.,,,,,,,,16
522,5,Unit-5,descriptive,4,Design Logic diagram of Full adder and Full Subtractor with the help of truth table and logical equation.,,,,,,,,16
523,5,Unit-5,mcq,1,How many full adders are needed to add 4-bit numbers A and B with a Serial adder?,1,8,16,4,A,1,,16
524,5,Unit-5,mcq,1,"which of the following statement/s are true , I) In combinational circuits, memory are used for store the previous input so output of combinational circuits is depends on present as well as previous inputs. II) for n bit additions of binary number, number of full adder required for these is (n-1)n III) In full adder & full subtractor , there is similarity of sum bit (s) in case of full adder & borrow bit (bin) in case of full subtractor. IV) In output of BCD adder has range for sum output in 00000 to 10001.","a) i, ii, iii, iv","b) i, ii, iii","c)i, iii, iv",d) none of the above,D,d) none of the above,,16
525,5,Unit-5,descriptive,5,Illustrate the adder circuit which adds two 4 bit numbers which are (3)BCD & (9)BCD through BCD addition & obtain the answer in BCD form.,,,,,,,,16
526,5,Unit-5,descriptive,3,Illustrate the Addition of (15)10 & (7)10 By using binary adders of which requires an n-full adder for n-bit addition. (with logic diagram),,,,,,,,16
527,5,Unit-5,descriptive,3,"Illustrate the combinational circuits that subtracts one bit from another one bit, when already there is a borrow from this column for subtraction in preceding column, and outputs the difference bit and borrow bit along with truth table, Boolean function & logic circuit diagram.",,,,,,,,16
528,5,Unit-5,mcq,1,"Which statement/s is/are true? 1) A half adder is also known as XNOR gate because XNOR is applied to both inputs to produce the sum. 2) Half adder can add only two bits (A and B) and has nothing to do with the carry. 3) If the input to a half adder has a carry, then it will neglect it and adds only the A and B bits that means the binary addition process is not complete and that's way it is called a half adder. 4) A half adder is a two input and two output combinational circuit.",both 1 and 2,"Three 2, 3 and 4","Three 1,3 and 4",All of the above,B,"Three 2, 3 and 4",,16
529,5,Unit-5,descriptive,4,Design the digital circuit that adds (8)BCD digit with (5)BCD digit in parallel and produces a sum digit also in BCD.,,,,,,,,16
530,5,Unit-5,descriptive,2,Design a 4-bit parallel adder to find the sum and output carry for the addition of the following two 4-bit numbers which are A0A1A2A3 = 1011 and B0B1B2B3 = 1111 and the input carry (C0) is 0. List bitwise sum and output carry for the 4-bit parallel adder.,,,,,,,,17
531,5,Unit-5,descriptive,4,Design the digital circuit that adds (7)BCD with (9)BCD in parallel and produces a sum digit also in BCD format. Show the appropriate circuit diagram and steps that describe the BCD addition process.,,,,,,,,17
532,5,Unit-5,descriptive,3,Design a combinational circuit that generates BCD sum of (3)BCD and (9)BCD number with necessary equations and truth table.,,,,,,,,17
533,5,Unit-5,descriptive,4,Design a combinational circuit that add (9) and (8) number with BCD BCD necessary equations.,,,,,,,,17
534,5,Unit-5,descriptive,2,"Implement F (P,Q,R) =PR′+P′QR′+Q′R+P′ by using 3x8 line decoder.",,,,,,,,17
535,5,Unit-5,descriptive,3,"Illustrate the comparison circuit of two numbers A & B having the bit value is 3 bits as A2A1A0 and B2B1B0, using suitable comparator with block diagram and logic diagram.",,,,,,,,17
536,5,Unit-5,descriptive,3,"п Implement F (W, X, Y, Z) = M (1,4,7,10,12) using 8x1 MUX having Y as input to MUX and W, X and Z as selection lines of MUX.",,,,,,,,17
537,5,Unit-5,descriptive,3,Prove that a full adder can be obtained by two half adder and an OR gate.,,,,,,,,17
538,6,Unit-6,mcq,1,_______ is the example of multiplexer.,2 x 1,1 x 2,4 x 1,both (a) & (c),D,both (a) & (c),,17
539,6,Unit-6,mcq,1,is used for connecting two or more sources to a single destination _______ among computer units.,De-multiplexer,Multiplexer,encoder,decoder,B,Multiplexer,,17
540,6,Unit-6,mcq,1,A multiplxer is also called as _______,data collector,data distributor,data selector,data controller,C,data selector,,17
541,6,Unit-6,mcq,1,2 to 1 line multiplexer can be realized using _______,"1 AND, 2 OR & 1 NOT gates","2 AND, 2 OR & 1 NOT gates","2 AND, 1 OR & 2 NOT gates","2 AND, 1 OR & 1 NOT gates",D,"2 AND, 1 OR & 1 NOT gates",,17
542,6,Unit-6,mcq,1,is the major functioning responsibility of the multiplexing _______ combinational circuit?,Decoding the binary information,Generation of all minterms in an output function with OR-gate,Generation of selected path between multiple sources and a single destination,Encoding of binary information,C,Generation of selected path between multiple sources and a single destination,,17
543,6,Unit-6,mcq,1,"logic inputs should be given to the input lines Io, I1, I2 and I3, if _______ the MUX is to behave as two input XNOR gate?",110,1001,1010,1111,B,1001,images/PB_DE_SEM-III_2025/q_543_1.png,17
544,6,Unit-6,mcq,1,_______ is the function of an enable input on a multiplexer chip?,To apply Vcc,To connect ground,To active the entire chip,To active one half of the chip,C,To active the entire chip,,17
545,6,Unit-6,mcq,1,"A 4 ×1 MUX is used to implement a 3 - input boolean function as shown in figure. The boolean function F(A,B,C) implement is _______","F(A,B,C) = Σ(1,2,4,6)","F(A,B,C) = Σ(1,2,6)","F(A,B,C) = Σ(2,4,5,6)","F(A,B,C) = Σ(1,5,6)",A,"F(A,B,C) = Σ(1,2,4,6)",images/PB_DE_SEM-III_2025/q_545_1.png,17
546,6,Unit-6,mcq,1,"In a multiplexer, the selection of a particular input line is controlled by _______",Data controller,Selection lines,Logic gates,Both data controller and selected lines,B,Selection lines,,17
547,6,Unit-6,mcq,1,select lines would be required for an 8-line-to-1-line multiplexer. _______,2,4,8,3,D,3,,17
548,6,Unit-6,mcq,1,NOT gates are required for the construction of a 4-to-1 _______ multiplexer.,2,5,3,4,A,2,,17
549,6,Unit-6,mcq,1,The output of the 4 to 1 MUX shown in figure is:,x' + y',x + y,xy + x',(xy)' + x,B,x + y,images/PB_DE_SEM-III_2025/q_549_1.png,17
550,6,Unit-6,mcq,1,_______ is the output of design.,w'xy'z' + wx'y'z' + xy + yz,wx'yz + w'xyz + x'y' + y'z',w'xy'z' + w'x'y'z + yz' + zx,w'xyz + wxyz' + gz + z'x',A,w'xy'z' + wx'y'z' + xy + yz,images/PB_DE_SEM-III_2025/q_550_1.png,17
551,6,Unit-6,descriptive,4,Design and elaborate 2 x 1 multiplexer.,,,,,,,,17
552,6,Unit-6,descriptive,4,Implement and elaborate 4 x 1 multiplexer.,,,,,,,,17
553,6,Unit-6,descriptive,4,Construct and elaborate 8 x 1 multiplexer.,,,,,,,,17
554,6,Unit-6,descriptive,4,"Realize the following function of three variables with 8:1 MUX. F ( A, B, C ) = Σ ( 0, 1, 3, 4, 7 )",,,,,,,,17
555,6,Unit-6,descriptive,5,Obtain an 8 to 1 multiplexer with a dual 4 to 1 line multiplexers having separate enable inputs but common selection lines. Use a block diagram construction.,,,,,,,,17
556,6,Unit-6,descriptive,4,"Implement the following function with a multiplexer: F ( A, B, C, D ) = Σ ( 0, 1, 3, 4, 8, 9, 15 )",,,,,,,,17
557,6,Unit-6,mcq,1,_______ is the example of Demultiplexer.,2 x 1,1 x 2,4 x 1,both (a) & (c),B,1 x 2,,17
558,6,Unit-6,mcq,1,How many selector lines required in a single input n- output demultiplexer ?,2,n,2^n,log n(base 2),D,log n(base 2),,17
559,6,Unit-6,mcq,1,The word demultiplex means _______,One into many,Many into one,Distributor,One into many as well as Distributor,D,One into many as well as Distributor,,17
560,6,Unit-6,mcq,1,"In 1-to-4 demultiplexer, select lines are required _______",2,3,4,5,A,2,,17
561,6,Unit-6,mcq,1,Most demultiplexers facilitate type of conversion _______,Decimal-to- hexadecimal,"Single input, multiple outputs",AC to DC,Odd parity to even parity,B,"Single input, multiple outputs",,17
562,6,Unit-6,descriptive,4,Design and elaborate 1 x 2 demultiplexer.,,,,,,,,17
563,6,Unit-6,descriptive,4,Implement and elaborate 1 x 4 demultiplexer.,,,,,,,,17
564,6,Unit-6,descriptive,4,Construct and elaborate 1 x 8 demultiplexer.,,,,,,,,17
565,6,Unit-6,mcq,1,"converts binary coded information to unique outputs such as _______ decimal, octal digitals etc.",decoder,demultiplexing,multiplexing,encoder,A,decoder,,18
566,6,Unit-6,mcq,1,"In a decoder, if the input lines are 4 then number of maximum _______ output lines .",2,16,4,8,B,16,,18
567,6,Unit-6,mcq,1,_______ can be represented for decoder.,Sequential circuit,Combinational circuit,Logical circuit,None of the mentioned,B,Combinational circuit,,18
568,6,Unit-6,mcq,1,BCD to seven segment conversion is a _______,Decoding process,Encoding process,Comparing process,None of these,A,Decoding process,,18
569,6,Unit-6,mcq,1,With which decoder it is possible to obtain many code convertions?,2 line to 4 line,3 to 8 line,not possible with any decoder,4 to 16 line,D,4 to 16 line,,18
570,6,Unit-6,mcq,1,A device which converts BCD to seven segment is called as . _______,multiplexer,encoder,decoder,inverter,C,decoder,,18
571,6,Unit-6,mcq,1,For design 3 to 8 decoder 2 to 4 decoder is required. _______,3,5,4,2,D,2,,18
572,6,Unit-6,mcq,1,When the outputs either don't change or they are invalid in _______ SR latch.,S=R=0,S=R=1,Both A & B,"S=0, R=1",C,Both A & B,,18
573,6,Unit-6,mcq,1,Decoder is constructed from . _______,Inverters,AND gates,Inverters and AND gates,None of the mentioned,C,Inverters and AND gates,,18
574,6,Unit-6,descriptive,5,Design and elaborate 3 to 8 line decoder.,,,,,,,,18
575,6,Unit-6,descriptive,2,Implement half adder using 2 × 4 line decoder.,,,,,,,,18
576,6,Unit-6,descriptive,4,Implement full adder circuit using 3 × 8 line decoder,,,,,,,,18
577,6,Unit-6,descriptive,5,Design and elaborate 2 to 4 line decoder.,,,,,,,,18
578,6,Unit-6,mcq,1,Consider the logic circuit given below. The minimized expression for F is _______,C',Io,C,Io',A,C',images/PB_DE_SEM-III_2025/q_578_1.png,18
579,6,Unit-6,descriptive,3,Implement A + B'C' by using 3 × 8 line decoder.,,,,,,,,18
580,6,Unit-6,descriptive,4,Construct binary to octal decoder and justify with block diagram.,,,,,,,,18
581,6,Unit-6,mcq,1,For 8-bit input encoder combinations are possible _______,8,2^8,4,2^4,B,2^8,,18
582,6,Unit-6,descriptive,4,Design Octal to Binary encoder.,,,,,,,,18
583,6,Unit-6,descriptive,5,Design 4 × 2 encoder logic diagram with truth table.,,,,,,,,18
584,6,Unit-6,descriptive,5,Implement 8 × 3 encoder logic circuit along with truth table.,,,,,,,,18
585,6,Unit-6,mcq,1,_______ is the 4 bit gray code of binary number 1010 .,1110,1111,1101,1011,B,1111,,18
586,6,Unit-6,mcq,1,_______ is the binary number of 1110 gray code.,1011,1101,1010,110,A,1011,,18
587,6,Unit-6,descriptive,5,Design and implement a 4 bit binary to gray code converter,,,,,,,,18
588,6,Unit-6,descriptive,5,Design and implement a 4 bit gray to binary code converter,,,,,,,,18
589,6,Unit-6,descriptive,4,Design and implement a BCD to seven segment code converter,,,,,,,,18
590,6,Unit-6,mcq,1,If A & B is 1 and 0 respectively then will be output. _______,A = B,A > B,A < B,A'B,B,A > B,,18
591,6,Unit-6,mcq,1,gate is basic comparator. _______,NOR,NAND,XNOR,NOT,C,XNOR,,18
592,6,Unit-6,mcq,1,Two inputs are 𝐴 𝐴 𝐴 𝐴 and 𝐵 𝐵 𝐵 𝐵 gives 4-bit equality 3 2 1 0 3 2 1 0 condition then will be implementation. _______,A . B,A ⊙ B,A + B,A > B,B,A ⊙ B,,18
593,6,Unit-6,mcq,1,When in comparator A & B is coincide then is the output. _______,A > B,A < B,A = B,A.B,C,A = B,,18
594,6,Unit-6,descriptive,4,Implement 1- bit magnitude comparator with logic diagram.,,,,,,,,18
595,6,Unit-6,descriptive,5,Design 2- bit comparator with logic diagram.,,,,,,,,18
596,6,Unit-6,mcq,1,number of x-or gates used in 3 bit even parity generator. _______,3,4,5,2,D,2,,18
597,6,Unit-6,descriptive,5,Design an SOP circuit that will generate an odd parity bit for 3-bit input.,,,,,,,,18
598,6,Unit-6,descriptive,5,Implement logic circuit for the 3-bit even parity generator along with k-map.,,,,,,,,18
599,6,Unit-6,descriptive,5,"Design for P = Σm(0, 3, 5, 6) parity generator with logic diagram.",,,,,,,,18
600,6,Unit-6,mcq,1,variables required for 4 bit even parity checker. _______,1,2,3,4,D,4,,18
601,6,Unit-6,mcq,1,times 1's possible in 4-bit even parity checker. _______,8,7,6,9,A,8,,18
602,6,Unit-6,mcq,1,"For error detection and correction codes , functions are very _______ useful in the system.",NAND,NOR,EX-OR,OR,C,EX-OR,,18
603,6,Unit-6,mcq,1,number of x-or gates required in 4 bit even parity checker. _______,2,3,4,5,B,3,,18
604,6,Unit-6,descriptive,4,Design k- map for 4- bit odd parity checker.,,,,,,,,18
605,6,Unit-6,descriptive,6,"Design SOP expression of P = Σm (0, 3, 5, 6, 9, 10, 12, 15) parity checker with k-map and logic diagram.",,,,,,,,18
606,6,Unit-6,descriptive,4,Design a combinational circuit and evaluate expression for binary to gray code converter for given binary input B3B2B1B0 and gray output G3G2G1G0.,,,,,,,,18
607,6,Unit-6,descriptive,3,"Design full subtractor logic circuit using 3x8 decoder and OR gates. Use X, Y and Z as input variables and D & B as output variables",,,,,,,,18
608,6,Unit-6,mcq,1,Which logic gate is generated for multiplexer inputs B' (MSB) and 1 (LSB) having selection line A?,NAND,OR,NOR,XNOR,A,NAND,,18
609,6,Unit-6,mcq,1,How many 2x1 multiplexers are required for implementing 16x1 multiplexer?,12,11,15,16,C,15,,18
610,6,Unit-6,descriptive,1,Find F for given circuit. D0 D1 X0 D2 F 3 to 8 D3 X1 Decoder D4 X2 D5 D6 D7,,,,,,,,18
611,6,Unit-6,descriptive,1,If the number of n generated output lines is equal to 2^m in demultiplexer then it requires selection lines. _______,,,,,,,,18
612,6,Unit-6,descriptive,1,"In the circuit shown, W and Y are MSB's of select inputs. The output function F is given by -",,,,,,,images/PB_DE_SEM-III_2025/q_612_1.png,18
613,6,Unit-6,mcq,1,"Which of the above statement/s is/are correct?
1. A 8-to-3 line decoder is also called as binary to octal decoder.
2. A DEMUX circuit is also known as data selector circuit.
3. A 8-to-1 MUX routes the desired data input to the output is controlled by 2 select lines.
4. For an n:1 multiplexer the number of select lines are given by log ⁡2 n",Both 1 and 2,Both 1 and 4,only 3,None of the given,D,None of the given,,19
614,6,Unit-6,descriptive,2,Design two input NOR gate and XNOR gate using 2-to-1 line Multiplexer.,,,,,,,,19
615,6,Unit-6,descriptive,3,"Implement the function F(A,B,C,D) = A'B+CD'+AC' using MUX with 3 select lines. Use B, C, and D as select lines.",,,,,,,,19
616,6,Unit-6,mcq,1,"The Combinational Logic Circuit with the function of P (A, B, C) = Σm(1, 2, 4, 7) is parity generator with expression _______ _______","Even Parity, A XOR B XOR C","Odd Parity, A XOR B XOR C","Even Parity, A XNOR B XOR C","Odd Parity, A XOR B XNOR C",A,"Even Parity, A XOR B XOR C",,19
617,6,Unit-6,descriptive,3,Design a Combination Logic Circuit which accepts 3-Bit gray number and provide its binary equivalent as output.,,,,,,,,19
618,6,Unit-6,descriptive,3,Construct Binary to Octal Decoder along with truth-table and equation. Also Implement Full adder using decoder.,,,,,,,,19
619,6,Unit-6,descriptive,3,"Design a combinational logic circuit that compare single bit binary numbers A and B to check if they are equal, greater or less.",,,,,,,,19
620,6,Unit-6,descriptive,1,A MUX network is shown in fig. What is the value of output Z1 = ?,,,,,,,images/PB_DE_SEM-III_2025/q_620_1.png,19
621,6,Unit-6,mcq,1,"A logic circuit of 2 x 4 decoder shown in figure , output of decoder are as follow : D0 = A'0 A'1 , D1 = A'0 A1, D2 = A0 A'1 , D3= A0 A1. Then value of f(x,y,z) =…………",a) 0,b) z,c) z',d)1,C,c) z',images/PB_DE_SEM-III_2025/q_621_1.png,19
622,6,Unit-6,mcq,1,The output Y of a 2-bit comparator is logic 1 whenever the 2- bit input A is greater than the 2-bit input B. The number of combination for which the output is logic is 1 is __,a) 4,b) 6,c) 8,d)10,B,b) 6,,19
623,6,Unit-6,mcq,1,"During the design of BCD to 7 segment decoder (or converter) , what value is initialized to display 9 ? (options are in decimal equivalent of outputs of decoder)",a) 126,b) 123,c)127,d)115,B,b) 123,,19
624,6,Unit-6,descriptive,3,Design NAND logic gate & NOR logic gate using 2x1 multiplexer.,,,,,,,,19
625,6,Unit-6,descriptive,3,"The logic function F(A,B,C,D) =AC+ ABD + ACD is to be realised using 8x1 mux using the variable B,C,D as control input.",,,,,,,,19
626,6,Unit-6,descriptive,5,"Illustrate the comparison circuit of two numbers A & B having the bit value is 1 nibble to each numbers, using suitable comparator with block diagram and logic diagram.",,,,,,,,19
627,6,Unit-6,mcq,1,The Boolean function realized by the logic circuit shown is,"F=∑m(2,3,5,7,8,9,12)","F=∑m(2,3,4,,5,7,8,9, 12)","F=∑m(2,3,5,8,9,12)","F=∑m(2,3,5,7,8,9,11)",A,"F=∑m(2,3,5,7,8,9,12)",images/PB_DE_SEM-III_2025/q_627_1.png,19
628,6,Unit-6,mcq,1,Find F for given circuit.,"F=∑m(1,4,7)","F=∑m(1,2,4,7)","F=∑m(1,2,4,5,6)","F=∑m(0,2,3,5,6)",D,"F=∑m(0,2,3,5,6)",images/PB_DE_SEM-III_2025/q_628_1.png,19
629,6,Unit-6,mcq,1,Identify that this K-Map belongs to which digital circuit?,Odd parity generator,Odd parity checker,Even parity checker,Even parity generator,C,Even parity checker,images/PB_DE_SEM-III_2025/q_629_1.png,19
630,6,Unit-6,descriptive,4,"Design a combinational circuit with three inputs x,y, and z and three outputs A,B, and C. when the binary input is 0,1,2 or 3, the binary output is one greater than the input. When the binary input is 4,5,6 or 7, the binary output is one less than the input.",,,,,,,,19
631,6,Unit-6,descriptive,4,"Implement the function F(W, X, Y, Z) =WX + WYZ + XYZ using MUX with 3 select lines. Use W, Y, and Z as select lines and X as a Data input.",,,,,,,,19
632,6,Unit-6,descriptive,4,Design a combinational logic circuit which converts 4-bit Gray input (G3G2G1G0) to binary output (B3B2B1B0) with necessary equations.,,,,,,,,20
633,6,Unit-6,descriptive,3,Design a full subtractor circuit using 3*8 decoder with its diagram.,,,,,,,,20
634,6,Unit-6,mcq,1,A magnitude comparator is a digital comparator which has _______ output terminals.,1,2,3,4,C,3,,20
635,6,Unit-6,mcq,1,"A logic circuit takes 4-BCD inputs {A, B, C and D) to give an output F. Output F is '1' if the input is an invalid BCD-code. The minimized Boolean equation is",AC+BD,AB+AC,B'C+AD',A'B+A'C,B,AB+AC,,20
636,6,Unit-6,mcq,1,The network shown in given figure is _______,OR gate,NAND gate,XOR gate,NOR gate,B,NAND gate,images/PB_DE_SEM-III_2025/q_636_1.png,20
637,7,Unit-7,mcq,1,Which of the following flip-flops is free from the race around problem?,T flip-flop,SR flip-flop,Master-Slave Flip-flop,D flip-flop,C,Master-Slave Flip-flop,,20
638,7,Unit-7,mcq,1,The characteristic equation of S-R latch is _______,Q(n+1) = S + Q(n)R',Q(n+1) = SR + Q(n)R,Q(n+1) = S'R + Q(n)R,Q(n+1) = S'R + Q'(n)R,A,Q(n+1) = S + Q(n)R',,20
639,7,Unit-7,mcq,1,D flip flop can be made from a J-K flip flop by making,J=K,J=K=1,"J=0,K=1",J=K',D,J=K',,20
640,7,Unit-7,mcq,1,"In a J-K flip flop, when Jn = 0 and Kn = 1, the output Qn+1 will have a value of:",1,0,Qn,Qn+1,B,0,,20
641,7,Unit-7,mcq,1,"In JK flip flop, which combination will toggle the output?","J=0,K=0","J=1,K=1","J=1,K=0","J=0,K=1",B,"J=1,K=1",,20
642,7,Unit-7,mcq,1,Master slave flip flop is also referred to as?,Level triggered flip flop,Pulse triggered flip flop,Edge triggered flip flop,Edge-Level triggered flip flop,B,Pulse triggered flip flop,,20
643,7,Unit-7,mcq,1,"In a positive edge triggered JK flip flop, a low J and low K produces?",High state,Low state,Toggle state,No Change State,D,No Change State,,20
644,7,Unit-7,mcq,1,How is a J-K flip-flop made to toggle?,"J = 0, K = 0","J = 1, K = 0","J = 0, K = 1","J = 1, K = 1",D,"J = 1, K = 1",,20
645,7,Unit-7,mcq,1,D flip-flop is a circuit having along with one _______ inverter.,2 NAND gates,3 NAND gates,4 NAND gates,5 NAND gates,C,4 NAND gates,,20
646,7,Unit-7,mcq,1,When is a flip-flop said to be transparent?,When the Q output is opposite the input,When the Q output follows the input,When you can see through the IC packaging,When the Q output is complementary of the input,B,When the Q output follows the input,images/PB_DE_SEM-III_2025/q_646_1.png,20
647,7,Unit-7,mcq,1,"On a positive edge-triggered S-R flip-flop, the outputs reflect the input condition when _______",The clock pulse is LOW,The clock pulse is HIGH,The clock pulse transitions from LOW to HIGH,The clock pulse transitions from HIGH to LOW,C,The clock pulse transitions from LOW to HIGH,,20
648,7,Unit-7,mcq,1,The output Qn of J-K flip flop is 1. It changes to 0 when a clock pulse is applied. The inputs Jn and Kn are respectively,0 and X,1 and X,X and 1,X and 0,C,X and 1,,20
649,7,Unit-7,mcq,1,"In a J-K flip flop, when J = 1 and K = 1 then it will be considered as",set conditions,reset conditions,no change,toggle condition,D,toggle condition,,20
650,7,Unit-7,mcq,1,Which of the following logic circuits do not have no-change condition?,JK-FF,SR-FF,T-FF,D-FF,D,D-FF,,20
651,7,Unit-7,mcq,1,In J-K-M-S flip flop comprises followed by _______ _______ configuration?,"S-R flip-flop, S-R flip flop","S-R flip-flop, J-K flip flop","J-K flip-flop, J-K flip flop","J-K flip-flop, S-R flip flop",D,"J-K flip-flop, S-R flip flop",,20
652,7,Unit-7,mcq,1,Which flip flop can be obtained from an S-R flip flop by just putting one Inverter between S and R?,T,D,J-K,latch,B,D,,20
653,7,Unit-7,mcq,1,If a JK FF toggles more than once during one clock cycle it is called,racing,pinging,spiking,bouncing,A,racing,,20
654,7,Unit-7,mcq,1,In a D flip flop the output state Q is related with D input in what way?,Q is same as D,Q is complement of D,Q is independent of D,Q is dependent of D,A,Q is same as D,,20
655,7,Unit-7,mcq,1,"In a J K flip-flop, we have J= Q' and K=1 (see figure). Assuming the flip- _ flop was intially cleared and then clocked for 6 pulses, the sequence at the Q output will be",010000,011001,010010,010101,D,010101,images/PB_DE_SEM-III_2025/q_655_1.png,20
656,7,Unit-7,mcq,1,"In figure, A = 1 and B = 1. The input B is now replaced by a sequence 101010 , the outputs x and y will be _______","fixed at 0 and 1, respectively",x = 1010…. While y = 0101….,x = 1010…. While y = 10101….,"fixed at 1 and 0, respectively",A,"fixed at 0 and 1, respectively",,20
657,7,Unit-7,mcq,1,"A sequential circuit using D flip-flop and logic gates is shown in the figure, where X and Y are the inputs and Z is the output. The circuit is",S-R Flip flop with inputs X = R and Y = S,S-R Flip flop with inputs X = S and Y = R,J-K Flip flop with inputs X = J and Y = K,J-K Flip flop with inputs X = K and Y = J,D,J-K Flip flop with inputs X = K and Y = J,images/PB_DE_SEM-III_2025/q_657_1.png,20
658,7,Unit-7,mcq,1,"In a master-slave flip-flop, when is the master enabled?",when the gate is LOW,when the gate is HIGH,both of the above,neither of the above,B,when the gate is HIGH,,20
659,7,Unit-7,mcq,1,"Consider the given circuit. In this circuit, the race around",Does not occur,occurs when CLK = 0,occurs when CLK = 1 and A=B =1,occurs when CLK = 1 and A=B =0,A,Does not occur,images/PB_DE_SEM-III_2025/q_659_1.png,20
660,7,Unit-7,mcq,1,Master slave configuration is used in flip flop to,increase its clocking rate,reduces power dissipation,eliminates race around condition,improve its reliability,C,eliminates race around condition,,20
661,7,Unit-7,mcq,1,Initial state: Q = 0 The output sequence Q of the circuit shown above is–,0000 …….,0001110…,11001100 ……,11111 …….,D,11111 …….,images/PB_DE_SEM-III_2025/q_661_1.png,20
662,7,Unit-7,mcq,1,In T flip-flop the output frequency is—,Same as the input frequency,Double of its input frequency,One-half its input frequency,None of these,C,One-half its input frequency,,20
663,7,Unit-7,mcq,1,A 2MHz clock is applied to J=K=1. What is the frequency of flip flop O/P signal?,2MHz,1MHz,500 Hz,0,B,1MHz,,20
664,7,Unit-7,mcq,1,"The output Qn+1 of a J-K flip-flop for the input J =1, K=1 is",0,1,Qn,Qn',D,Qn',,20
665,7,Unit-7,mcq,1,The characteristic equation of J-K flip-flop is _______,Q(n+1)=JQ(n)+K'Q( n),Q(n+1)=JQ'(n)+KQ'( n),Q(n+1)=JQ'(n)+KQ(n),Q(n+1)=JQ'(n)+K'Q( n),D,Q(n+1)=JQ'(n)+K'Q( n),,20
666,7,Unit-7,descriptive,4,"Find Excitation table of JK,D,T,SR flop flop from their truth table.",,,,,,,,21
667,7,Unit-7,descriptive,4,Convert JK flip flop to T flip flop.,,,,,,,,21
668,7,Unit-7,descriptive,4,Design master slave JK flipflop.,,,,,,,,21
669,7,Unit-7,descriptive,4,Convert T Flipflop in to D flipflop.,,,,,,,,21
670,7,Unit-7,descriptive,4,Discuss working of clocked delay type flip-flop with characteristic table and logic diagram.,,,,,,,,21
671,7,Unit-7,descriptive,4,Distinguish between combinational and sequential logic circuits.,,,,,,,,21
672,7,Unit-7,descriptive,2,Distinguish between latch and flipflops.,,,,,,,,21
673,7,Unit-7,descriptive,4,Convert SR flip-flop into JK flip-flop.,,,,,,,,21
674,7,Unit-7,descriptive,4,"Draw the circuit diagrams and Truth table of all the Flip flops (SR, D, T and JK).",,,,,,,,21
675,7,Unit-7,descriptive,4,Implement D flip flop using JK flip flop.,,,,,,,,21
676,7,Unit-7,descriptive,4,Convert JK flip flop to SR flip flop.,,,,,,,,21
677,7,Unit-7,descriptive,4,Convert D flip flop into SR flip flop.,,,,,,,,21
678,7,Unit-7,descriptive,4,Implement T flip flop using D flip flop.,,,,,,,,21
679,7,Unit-7,descriptive,2,What is race-around condition in JK flip-flop?,,,,,,,,21
680,7,Unit-7,descriptive,4,Design edge triggered flip flop in detail.,,,,,,,,21
681,7,Unit-7,descriptive,4,Design S R flip flop usingNAND and NOR gate,,,,,,,,21
682,7,Unit-7,descriptive,4,Convert D flip flop into JK flip flop.,,,,,,,,21
683,7,Unit-7,descriptive,4,Which flipflop is generated by shorting the inputs of JK flipflop? Evaluate the characteristic equation and give excitation table of generated flipflop.,,,,,,,,21
684,7,Unit-7,mcq,1,Which of the following is/are correct for a D-type flip flop?,The output toggles if one of the input is held HIGH,The one of the output can be invalid condition,The Q output is either SET or RESET as soon as the D input goes HIGH or LOW,Both inputs are always same with each other,C,The Q output is either SET or RESET as soon as the D input goes HIGH or LOW,,21
685,7,Unit-7,mcq,1,The output Qn of an SR flip-flop is 1. It changes to 0 when a clock pulse is applied. The inputs S and R respectively –,X and 1,0 and 1,X and 0,1 and X,B,0 and 1,,21
686,7,Unit-7,mcq,1,The invalid state of NAND based SR latch occurs when –,"S = 1, R = 1","S = 0, R = 0","S = 1, R = 0","S = 0, R = 1",B,"S = 0, R = 0",,21
687,7,Unit-7,mcq,1,"Consider the following statements:
1. Race-around condition occurs in a JK flip-flop when the inputs are 1, 1 and CLK = 1.
2. A flip-flop is used to store one bit of information.
3. In active-HIGH SR latch, Set = 1, Reset = 0 indicates RESET state.
4. Master-slave configuration is used in a flip-flop to store 2-bits of information. Which of the above statement/s is/are incorrect?",Both 1 and 2,Both 3 and 4,Both 2 and 3,all are incorrect,B,Both 3 and 4,,21
688,7,Unit-7,mcq,1,"In a JK flip-flop, output Qn = 1 and it does not change when a clock pulse is applied. What is the possible combination of inputs (Jn, Kn) in this condition?","(X,0)","(X,1)","(1,0)","(1,X)",A,"(X,0)",,21
689,7,Unit-7,descriptive,4,"Consider two flip flops X and Y. Flip flop X has single input in which output (Qn+1) follows the input. Flipflop Y has two inputs and output, becomes invalid when both inputs are HIGH. Convert Flip flop X into Y.",,,,,,,,21
690,7,Unit-7,descriptive,4,"Consider two flip flops A and B. Flip flop A has a single input and positive edge triggered clock pulse, and has a property that output of the next state (Qn+1) is equal to the input. Flip-flop B contains 2 input terminals and positive edge triggered clock pulse. Flip-flop B toggles more than once during one clock cycle. Convert the flip-flop A into B and also show the required steps of conversion.",,,,,,,,21
691,7,Unit-7,mcq,1,"In a positive edge triggered T Flip Flop, high T produces?",TOGGLE STATE,NO CHANGE STATE,INVALID STATE,UNSTABLE STATE,A,TOGGLE STATE,,21
692,7,Unit-7,mcq,1,Which of the following statement/statements is/are true for Master-Slave Flip- Flop? 1) It is a pulse-triggered Flip-Flop 2) This can be used to eliminate the race-around condition. 3) Master is enabled when the clock is at a low level,ONLY 1 AND 2,"ONLY 1, 2 AND 3",ONLY 3,ONLY 2,A,ONLY 1 AND 2,,21
693,7,Unit-7,descriptive,3,Implement SR Flip-Flop using Gated Transparent Latch,,,,,,,,21
694,7,Unit-7,descriptive,3,Design two input SET-RESET Flip-Flop which eliminates invalid state and formulate its characteristic equation with the help of truth table.,,,,,,,,21
695,7,Unit-7,mcq,1,"Choose the correct statement/s from following . 1) In SR-latch using NAND gates, set & reset input are normally in low state & one of them will be pulsed high whenever we want to change latch output. 2) In SR-lath using NOR gates, set & reset input are normally in high state & one of them will be pulsed low whenever we want to change latch output. 3) Race around condition can be avoided by using level triggered JK flipflop.","a) 1,2,3",b) 2 & 3,c)1 & 3,d) none of above,D,d) none of above,,21
696,7,Unit-7,descriptive,3,Illustrate the SR-latch using active high input with its logic diagram and truthtable & state that how flip flop is differed from the latch.,,,,,,,,21
697,7,Unit-7,descriptive,5,Convert JK flip flop to SR flip flop with the help of characteristics table and excitation table of flipflops & draw the equivalent of logic diagram of converted flip flop.,,,,,,,,21
698,7,Unit-7,mcq,1,"In a JK-FF, When Jn=0 and Kn=1, the output Qn+1 will have a value of",1,0,Qn,Qn+1,B,0,,21
699,7,Unit-7,descriptive,4,How JK-FF can be converted into SR-FF?,,,,,,,,21
700,7,Unit-7,descriptive,3,Which flip flop is generated by sorting the inputs of JK flipflop? Evaluate the characteristics equation and give excitation table of generated flipflop.,,,,,,,,21
701,7,Unit-7,descriptive,2,Design a pulse triggered flipflop which can eliminates race around condition.,,,,,,,,21
702,7,Unit-7,descriptive,3,Discuss how SR flipflop can be made using JK Flipflop.,,,,,,,,21
703,7,Unit-7,mcq,1,are the applications of flipflops.,Storage Devices,Data Transfers,Register,All of above,D,All of above,,21
704,7,Unit-7,mcq,1,The equivalent flip – flop by the circuit shown above is,JK,SR,T,Master Slave,C,T,images/PB_DE_SEM-III_2025/q_704_1.png,21
705,7,Unit-7,mcq,1,Latches constructed with NOR and NAND gates tend to remain latched condition due to which configuration?,Gate Impedance,Cross Coupling,Synchronous operation,Asynchronous operation,B,Cross Coupling,,21
706,7,Unit-7,mcq,1,An JK flipflop can be converted to T flipflop by connecting,J to Q,K to Q,K to Q',J to K,D,J to K,,21
707,8,Unit-8,descriptive,5,_______ Design 4-bit Universal Shift Register.,,,,,,,,21
708,8,Unit-8,mcq,1,An 8 bit serial in/ serial out shift register is used with a clock frequency of 2MHz to achieve a time of delay of,16µs,8µs,4µs,2µs,C,4µs,,21
709,8,Unit-8,mcq,1,"With a 200 khz clock frequency, eight bits can be serially entered into a shift register in",4 µs,40µs,400µs,40ms,B,40µs,,21
710,8,Unit-8,mcq,1,"A serial in/parallel out initially contains all 1s. The data nibble 0111 is waiting to enter, after four clock pulses, the register contains",0000,1111,0111,1000,C,0111,,22
711,8,Unit-8,mcq,1,Assume that a 4 bit serial in/ serial out shift register is initially clear. we wish to store the nibble 1100. what will be the 4 bit pattern after the second clock pulse ?,1100,0011,0000,1111,C,0000,,22
712,8,Unit-8,mcq,1,SIPO is a abbreviation of,serial in parallel out,parallel in serial out,serial in serial out,serial in peripheral out,A,serial in parallel out,,22
713,8,Unit-8,mcq,1,A function of register is,Store data,multiplex a data,demultiplex a data,decode a data,A,Store data,,22
714,8,Unit-8,descriptive,4,Design 4-bit bidirectional shift register with Parallel load.,,,,,,,,22
715,8,Unit-8,mcq,1,A bidirectional 4 bit nibble is storing the nibble 1110. its input is low. the nibble 0111 is waiting to be entered on the seriall data input line. after two clock pulse the shift register is storing,1110,0111,1000,1001,D,1001,,22
716,8,Unit-8,mcq,1,"The group of bits 10110111 is serially shifted( right most bit first) into an 8bit parallel output shift register with an initial state 11110000. After two clock pulses, the register contains",10111000,10110111,11110000,11111100,D,11111100,,22
717,8,Unit-8,descriptive,5,"Show the working of Universal Shift Register using symbol, block diagram and truth table",,,,,,,,22
718,8,Unit-8,descriptive,5,Design a circuit for 4-bits parallel register with load with D Flip-Flops. Load input decides whether to load new input or to apply no change conditions.,,,,,,,,22
719,8,Unit-8,mcq,1,True or False. Data can be changed from special code to temporal code by using Counter.,TRUE,FALSE,,,,False ( Using Shift register),,22
720,8,Unit-8,mcq,1,True or False. A universal shift register has both serial and parallel input and output capacity.,TRUE,FALSE,,,,True,,22
721,8,Unit-8,mcq,1,The shift register is initially loaded with bit pattern 1010. Shift register is clocked in which count gets shifted by one position to right with each shift. The bit at serial input is pushed to left most position(MSB). After how many clock pulse will the content of shift register will be 1010?,3,7,11,15,B,7,images/PB_DE_SEM-III_2025/q_721_1.png,22
722,8,Unit-8,mcq,1,Which of the following is not the characterstic of shift register?,Serial in/parallel in,Serial out/parallel in,Serial in/parallel out,Parallel in/parallel out,A,Serial in/parallel in,,22
723,8,Unit-8,mcq,1,"True or False. A counter has a specified sequence of states, but a shift register does not.",TRUE,FALSE,,,,True,,22
724,8,Unit-8,descriptive,4,Explain the working of 4 bit asynchronous counter.,,,,,,,,22
725,8,Unit-8,descriptive,4,Design 4-bit binary ripple counter,,,,,,,,22
726,8,Unit-8,descriptive,4,Enlist the classification of counters and Design asynchronous 4-bit binary ripple counter.,,,,,,,,22
727,8,Unit-8,descriptive,4,Design 4-bit up-down binary synchronous counter.,,,,,,,,22
728,8,Unit-8,descriptive,4,Design 3 bit binary counter with necessary diagrams.,,,,,,,,22
729,8,Unit-8,descriptive,4,Design BCD synchronous Counter.,,,,,,,,22
730,8,Unit-8,descriptive,5,"Design a synchronous Counter that goes 0,2,3,7,0,2,3,…",,,,,,,,22
731,8,Unit-8,descriptive,5,Demonstrate about a synchronous counter using 3 bits.,,,,,,,,22
732,8,Unit-8,descriptive,4,Design 3-bit synchronous up counter using D flip flop.,,,,,,,,22
733,8,Unit-8,descriptive,4,Justify:- A counter works as frequency divider with suitable example.,,,,,,,,22
734,8,Unit-8,descriptive,4,Design a synchronous BCD counter with D flip flops.,,,,,,,,22
735,8,Unit-8,descriptive,4,Design a mod-12 Synchronous up counter using D-flipflop.,,,,,,,,22
736,8,Unit-8,descriptive,4,Design and implement a Modulo – 6 Asynchronous counter using JK flipflop.,,,,,,,,22
737,8,Unit-8,descriptive,4,Design and implement a Modulo – 6 Synchronous counter using JK flipflop.,,,,,,,,22
738,8,Unit-8,descriptive,4,Enlist the significant difference between synchronous and asynchronous counters.,,,,,,,,22
739,8,Unit-8,descriptive,4,Design BCD ripple counter with its operation and develop its logic diagram.,,,,,,,,22
740,8,Unit-8,descriptive,5,With logic diagram explain the operation of 4 bit binary ripple counter. Explain the count sequence. How up counter can be converted into down counter?,,,,,,,,22
741,8,Unit-8,descriptive,5,Design and explain 4 – bit Ripple UP/ DOWN counter using positive edge triggered Flip flop.,,,,,,,,22
742,8,Unit-8,descriptive,5,"Design a counter to generate the repetitive sequence 0,1,2,4,3,6.",,,,,,,,22
743,8,Unit-8,descriptive,5,Design Modulo-8 counter using D flip flop.,,,,,,,,22
744,8,Unit-8,descriptive,5,"Design a counter that counts the sequence as 0, 1, 2, 4, 5, 6 and rolls over to 0 again. Use +ve edge triggered D-FF or JK-FF.",,,,,,,,22
745,8,Unit-8,descriptive,5,Design and explain BCD Counter.,,,,,,,,22
746,8,Unit-8,descriptive,5,Design 4 bit ripple counter using timing diagrams.,,,,,,,,22
747,8,Unit-8,descriptive,5,Design 3-bit ripple up-counter using negative edge triggered T-FF or JK- FF . Also draw the waveforms..,,,,,,,,22
748,8,Unit-8,descriptive,5,"Design a counter to generate the repetitive sequence 0, 3, 5, 7, 4 using D FF.",,,,,,,,22
749,8,Unit-8,descriptive,5,"Design sequential counter for sequence 0,2,4,3,7,6,1 using JK flip-flops.",,,,,,,,22
750,8,Unit-8,descriptive,5,Design a 3-bit synchronous up counter using K-maps and positive edge- triggered JK FFs.,,,,,,,,22
751,8,Unit-8,descriptive,5,Design and explain 4-bit Ripple UP/DOWN Counter using negative edge triggered Flipflop.,,,,,,,,22
752,8,Unit-8,descriptive,5,Design and implement a Modulo-4 Asynchronous counter using T Flip flop.,,,,,,,,22
753,8,Unit-8,descriptive,5,Design and implement a Modulo-6 Asynchronous counter using T Flip flop.,,,,,,,,22
754,8,Unit-8,descriptive,5,Design 4-bit ripple counter using negative edge triggered JK flip flop.,,,,,,,,22
755,8,Unit-8,mcq,1,What is the maximum possible range of bit-count specifically in n-bit binary counter consisting of 'n' number of flip-flops?,0 to 2n,0 to 2n +1,0 to 2n - 1,0 to 2n+1/2 - 1,C,0 to 2n - 1,,22
756,8,Unit-8,descriptive,5,Design a counter for following binary sequence 0-1-3-4-6-0,,,,,,,,22
757,8,Unit-8,mcq,1,"In a 4 bit johnson counter sequence, there are a total of how many states or bit patterns",1,3,4,8,D,8,,22
758,8,Unit-8,mcq,1,"If a 10 bit ring counter has an initial state 1101000000, what is the state after the second clock pulse?",1101000000,11010000,1100000000,1100000011,B,11010000,,22
759,8,Unit-8,descriptive,4,Construct a Johnson counter with Ten timing signals.,,,,,,,,23
760,8,Unit-8,descriptive,5,Implement 4-bit ring counter using D FF.,,,,,,,,23
761,8,Unit-8,descriptive,5,Design 4 bit twisted ring counter using JK Flip flop.,,,,,,,,23
762,8,Unit-8,mcq,1,"For 4 bit Johson counter, If there are four flip flop namely FF0, FF1, FF2 and FF3 the which of the following is true?",output of FF3 is connected to the input of FF0,output of FF2 is connected to the input of FF1,output of FF3 is connected to the input of FF1,output of FF3 is connected to the output of FF0,A,output of FF3 is connected to the input of FF0,,23
763,8,Unit-8,mcq,1,"For 4 bit Ring counter, If there are four flip flop namely FF1, FF2, FF3 and FF4 the which of the following is true?",output of FF3 is connected to the input of FF1,output of FF4 is connected to the input of FF1,output of FF4 is connected to the input of FF2,output of FF4 is connected to the output of FF1,B,output of FF4 is connected to the input of FF1,,23
764,8,Unit-8,descriptive,4,"Design synchronous counter with the following binary sequence: 0, 4,2,1,6,7 and repeat. Use JK flip-flops.",,,,,,,,23
765,8,Unit-8,descriptive,1,A 4-bit serial in parallel out shift register is initially set to 1111. The data 1010 is applied to the input. After 3 clock cycles the output will be:,,,,,,,,23
766,8,Unit-8,descriptive,1,"On the fifth clock pulse, a 4-bit Johnson sequence is Q0 = 0, Q1 = 1, Q2 = 1, and Q3 = 1. On the sixth clock pulse, the sequence is . _______",,,,,,,,23
767,8,Unit-8,descriptive,1,What is the time delay (td in µs) of an 8-bit serial-in/serial out shift register with a clock frequency of 4 MHz?,,,,,,,,23
768,8,Unit-8,mcq,1,"Consider the following statements:
1. An n-bit ring counter is a mod-2n counter whereas an n-bit twisted ring counter is a mod-n counter.
2. The maximum modulus of ripple counter with seven flip-flops is 14.
3. Series counters have high speed but have more complex circuitry than parallel counters.
4. An n-bit counter has n number of flip-flops, 2n number of states and also known as divide-by-2n counter. Which of the following statement/s is/are incorrect ?",3 and 4,"2, 3 and 4","1, 2, and 4","1, 2, 3 and 4",D,"1, 2, 3 and 4",,23
769,8,Unit-8,descriptive,5,Design a synchronous decade counter using JK-flip-flop.,,,,,,,,23
770,8,Unit-8,descriptive,4,"Design synchronous counter with the following binary sequence: 0, 4,2,1,6,7 and repeat. Use positive edge triggered T flip-flops.",,,,,,,,23
771,8,Unit-8,descriptive,3,"Design a synchronous counter which goes through sequence 0, 2, 4, 6, 7, 5, 3, 1, 0, … using positive edge triggered T flip-flops",,,,,,,,23
772,8,Unit-8,descriptive,4,"Draw the state diagram and state table of BCD ripple counter, develop its logic diagram, and explain its operation using reset input. (No need of waveforms) Use negative edge triggered JK flip-flops.",,,,,,,,23
773,8,Unit-8,descriptive,2,Draw 4-Bit Asynchronous Ripple Up/Down Counter using Negative Edge triggered T Flip-Flop,,,,,,,,23
774,8,Unit-8,mcq,1,"The shift register shown in figure is initially loaded with the bit pattern
0011. Subsequently the shift register is clocked with each clock pulse the pattern gets shifted by one bit position to the right. With each shift, the bit at the serial input is pushed to the left most position (MSB). Clock pulses taken by the shift register to get the content 0011 again are _______",A) 3rd,b) 4th,c) 5th,d) 6th,C,c) 5th,images/PB_DE_SEM-III_2025/q_774_1.png,23
775,8,Unit-8,mcq,1,"In a Johnson's counter, all the negative triggered J-K flip flop are used. Initially all the flip flops are in reset condition and the outputs are Q3 Q2 Q1 Q0 = 0000. What are the outputs of flip flops after the fifth negative going pulse ?",0101,1000,0010,1110,D,1110,,23
776,8,Unit-8,mcq,1,"Consider the partial implementation of a 2 bit counter using T-flip flop following the sequence 0-2-3-1-0, as shown below : To complete the circuit the input X should be ……",a) Q'2,b) Q2 + Q1,c)Q1 XOR Q2,d) Q1 XNOR Q2,C,c)Q1 XOR Q2,images/PB_DE_SEM-III_2025/q_776_1.png,23
777,8,Unit-8,descriptive,3,Design decade counter using JK-FF which is clocked such that each flip-flop in the counter is triggered at the same time.,,,,,,,,23
778,8,Unit-8,mcq,1,How many flip flops are required to design mod-20 counter?,5,6,10,20,A,5,,23
779,8,Unit-8,descriptive,4,Design a shift register which gives double number of states from the number of flipflops connected with its state diagram.,,,,,,,,23
780,8,Unit-8,descriptive,5,Design a mod-11 asynchronous counter using JK FF with necessary waveforms.,,,,,,,,23
781,9,Unit-9,mcq,1,ROM is made up of _______,NAND & OR gate,NOR & DECODER,DECODER & OR gate,NAND & DECODER,,DECODER & OR gate,,23
782,9,Unit-9,mcq,1,which of following is non-volatile memory ?,RAM,DRAM,EEPROM,SRAM,,EEPROM,,23
783,9,Unit-9,mcq,1,ROM has the capability to perform _______,write operation only,read operation only,both write & read operation,erase operation,,read operation only,,23
784,9,Unit-9,mcq,1,"The ROM , which has to be custom built by factory, known as _______",EEPROM,MASK ROM,EPROM,PROM,,mask ROM,,23
785,9,Unit-9,descriptive,2,How does PLA differ from a ROM,,,,,,,,23
786,9,Unit-9,descriptive,2,Illustrate the mask rom and compare with it to EPROM,,,,,,,,23
787,9,Unit-9,descriptive,2,Illustrate architecture of FPGA & its Application in modern times .,,,,,,,,23
788,9,Unit-9,short_answer,1,EPROM contents can be erased by exposing it to infrared rays.,,,,,,FALSE,,23
789,9,Unit-9,descriptive,2,Elucidate that Full subtractor can be implemented using PAL.,,,,,,,,23
790,9,Unit-9,descriptive,2,"Is PROM differ from PLA & PAL ? if so, illustrate similarities & disimilarities among them.",,,,,,,,23
791,9,Unit-9,descriptive,2,Illustrate PLA & compare it with PAL,,,,,,,,23
792,9,Unit-9,mcq,1,PLA can be used ...,as a microprocessor,as a dynamic memory,to realise a sequential logic,to realise a combinational logic,,to realise a combinational logic,,23
793,9,Unit-9,mcq,1,PALs tend to execute logic _______,SAP,SOP,PLA,SPD,,SOP,,23
794,9,Unit-9,mcq,1,Differentiate PAL with PLA.,"The PLA has a programmable OR array and a programmable AND array, while the PAL only has a programmable AND Array","The PAL has a programmable OR array and a programmable AND array, while the PLA only has a programmable AND array",The PAL has more possible product terms than the PLA.,PALs and PLAs are the same thing.,,"The PLA has a programmable OR array and a programmable AND array, while the PAL only has a programmable AND Array",,23
795,9,Unit-9,mcq,1,Product terms are the outputs of which type of gate within a PLD array?,OR,XOR,AND,FLIP FLOP,,AND,,24
796,9,Unit-9,descriptive,2,Illustrate PLD 's with FPGA & state application of FPGA,,,,,,,,24
797,9,Unit-9,descriptive,4,"Implement the following using PLA F1 = ∑(2, 4, 5, 10, 12, 13, 14) and F2 = ∑ (2, 9, 10, 11, 13, 14, 15).",,,,,,,,24
798,9,Unit-9,descriptive,4,illustrate neat diagram of an architecture of Field programming gate array & state their advantage over other Programmable logic devices,,,,,,,,24
799,9,Unit-9,descriptive,4,"A combinational circuit is defined by functions. F1(A,B,C) = ∑(3, 5, 6, 7) & F2(A,B,C) = ∑(0, 2, 4, 7) Implement the circuit with PLA having three inputs, four product term and two outputs",,,,,,,,24
800,9,Unit-9,descriptive,3,"Implement following functions using ROM. (Use suitable combinational circuit) F1 = Σm(1, 2, 3, 7) F2 = Σm(0, 2, 4, 6)",,,,,,,,24
801,9,Unit-9,descriptive,4,"Using 8x4 ROM, realize the expressions F1 = AB'C + ABC' + A'BC, F2 = A'B'C + A'BC' + AB'C', F3 = A'B'C' + ABC. Show the contents of all locations.",,,,,,,,24
802,9,Unit-9,descriptive,4,"A combinational circuit is defined by the function F1 (A, B, C) = Σ m (0,1,2,4) and F2 (A, B, C) = Σ m (0,5,6,7). Implement the circuit with a PLA having 3 inputs, 4 product term & 2 outputs.",,,,,,,,24
803,9,Unit-9,descriptive,4,"A combinational circuit is defined by the function F1 (A, B, C) = Σ m (4, 5, 7) F2 (A, B, C) = Σ m (3, 5, 7) Implement the circuit with a PLA having 3 inputs, 3 product term & 2 outputs",,,,,,,,24
804,9,Unit-9,descriptive,4,Implement the following equation by using PLA. F1 = AB' +AC and F2 = AC + BC,,,,,,,,24
805,9,Unit-9,descriptive,4,"Tabulate the truthtable for 8x4 ROM and implement the four boolean function listed below. Also minimize A(X,Y,Z) = Σ(1,3,5,6) , B(X,Y,Z) = Σ(0,1,6,7) , C(X,Y,Z) = Σ(3,5), D(X,Y,Z) = Σ(1,2,4,5,7).",,,,,,,,24
806,9,Unit-9,descriptive,4,"Illustrate the construction in which a 3 bit adressable ROM, the following function are required. h0= Σ(0,2,5,6) h1=Σ(0,2,4,6,7) h2=Σ(0,2,7) h3=Σ(1,2,3,5,7)",,,,,,,,24
807,9,Unit-9,descriptive,4,"Illustrate the following function using PROM f1=Σm(0,1,3,4,7) & f2=Σm(1,2,5,6)",,,,,,,,24
808,9,Unit-9,descriptive,4,"Show the connection in PAL to yeild the following Y0= A' + BC' , Y1= A'B'CD + A'BC, Y2 =A'CD + A B, Y3 = A'B + C'D",,,,,,,,24
809,9,Unit-9,descriptive,2,"The minimum number of AND and OR gates required for implementation of function using PLA is: F1= Σm(0,1,3,6,7) F2= Σm(3,5,6,7)",,,,,,,,24
810,9,Unit-9,mcq,2,"Which of the following statement is correct about differentiating PAL and PLA?
1.PALs and PLAs are the same thing
2.The PLA has a programmable OR plane and a programmable AND plane, while the PAL only has a programmable AND plane
3.The PAL has a programmable OR plane and a programmable AND plane, while the PLA only has a programmable AND plane
4.The PAL has more possible product terms than the PLA.",only 2,only 3,only 4,only 1,A,only 2,,24
811,9,Unit-9,mcq,1,Consider the following statement regarding PROM & EPROM 1) erasable programmable ROM using UV erasing is known as EPROM. 2) ROM that makes use of electrical voltage for erasing is known as electrically altered ROM 3)PROM can be programmed many times after fabrication. which of the above statement/s is / are correct ?,only 3,1 and 2,2 and 3,1 and 3,B,1 and 2,,24
812,9,Unit-9,descriptive,4,"Implement the following boolean functions using suitable PAL: w (A,B,C,D) = Σm (1, 3, 4, 6, 9, 11, 12, 14) x (A,B,C,D) = Σm (1, 3, 4, 6, 9, 11, 12, 14, 15) y (A,B,C,D) = Σm (0, 2, 4, 6, 8, 12) z (A,B,C,D) = Σm (2, 3, 8, 9, 12, 13)",,,,,,,,24
813,9,Unit-9,descriptive,5,"A combinational circuit is defined by functions. F1(A, B, C) = ∑ (0, 1, 2, 3, 6) and F2(A,B,C) = ∑(3, 5, 7). Implement the circuit with PLA having three inputs, three product term and two outputs",,,,,,,,24
814,9,Unit-9,descriptive,3,Implement FULL ADDER using Programmable Array Logic,,,,,,,,24
815,9,Unit-9,descriptive,3,"A combinational circuit is defined by functions: X(A,B,C) = ∑m (2,3,5,7) Y(A,B,C) = ∑m (0,1,5) Z(A,B,C) = ∑m(0,2,3,5) Implement the circuit using PAL.",,,,,,,,24
816,9,Unit-9,mcq,1,FPGA stands for _______,Full Programmable Gate Array,Full Programmable Genuine Array,Field Programmable Gate Array,Field Programmable Gate Area,C,Field Programmable Gate Array,,24
817,9,Unit-9,mcq,1,Determine the output of logic array given in the following figure. The X's represent connected link.,AB'+A'B,0,1,A'B'+AB,B,0,images/PB_DE_SEM-III_2025/q_817_1.png,24
818,9,Unit-9,descriptive,3,Implement the following functions using PROM: F1 = A(BC)'+ABC & F2= ABC + (AB)'+AC'.,,,,,,,,24
819,9,Unit-9,descriptive,4,"Implement the following Boolean functions using PLA with 3 inputs, 3 product terms and 2 outputs. F1 = ∑m(1,3,5) and F2 = ∑m(5,6,7)",,,,,,,,24
820,10,Unit-10,mcq,1,"When used with an IC, what does the term ""QUAD"" indicate?",2 circuits,4 circuits,6 circuits,8 circuits,B,4 circuits,,24
821,10,Unit-10,descriptive,3,Give comparison of TTL and CMOS family,,,,,,,,24
822,10,Unit-10,descriptive,3,"Compare following for CMOS and TTL : Figure of merit, Noise margin, and Power dissipation",,,,,,,,24
823,10,Unit-10,descriptive,3,Compare for CMOS and TTL: 1) Fan in 2) Noise Margin 3) Propagation Delay,,,,,,,,24
824,10,Unit-10,short_answer,1,is the measure of maximum number of inputs that a single gate _______ output can drive or accept.,,,,,,Fan-in,,24
825,10,Unit-10,short_answer,1,means the maximum number of inputs that can be fed by a _______ single output.,,,,,,Fan-out,,24
826,10,Unit-10,mcq,1,Propagation delay is defined as _______,the time taken for the output of a gate to change after the inputs have changed,the time taken for the input of a gate to change after the outputs have changed,the time taken for the input of a gate to change after the intermediates have changed,the time taken for the output of a gate to change after the intermediates have changed,A,the time taken for the output of a gate to change after the inputs have changed,,25
827,10,Unit-10,mcq,1,CMOS refers to _______,Continuous Metal Oxide Semiconductor,Complementary Metal Oxide Semiconductor,Centred Metal Oxide Semiconductor,Concrete Metal Oxide Semiconductor,B,Complementary Metal Oxide Semiconductor,,25
828,10,Unit-10,mcq,1,Fan-in and Fan-out are the characteristics of _______,Registers,Logic families,Sequential Circuits,Combinational Circuits,B,Logic families,,25
829,10,Unit-10,mcq,1,Which logic family consumes the less power?,CMOS,TTL,PMOS,NMOS,A,CMOS,,25
830,10,Unit-10,descriptive,2,Implement NAND gate using CMOS logic,,,,,,,,25
831,10,Unit-10,descriptive,2,Implement NOR gate using CMOS logic,,,,,,,,25
832,10,Unit-10,mcq,1,TTL stands for _______,Totempole Logic,Transistor transistor logic,Transistor totempole Logic,None of Above,B,Transistor transistor logic,,25
833,10,Unit-10,mcq,1,Which of the IC families have the largest fan-out?,CMOS,NMOS,PMOS,TTL,A,CMOS,,25
834,10,Unit-10,mcq,1,The figure of merit of a logic family is given by the product of,gain and bandwidth,propogation delay time and power dissipation,fan-out and propagation delay time,noise margin and power dissipation,B,propogation delay time and power dissipation,,25
835,10,Unit-10,mcq,1,Which equation is correct?,V = V (max) + NL IL V (max) OL,V = V (min) + NH OH V (min) IH,V = V (min) – V (min) NL OH IH,V = V (min) – NH OH V (min) IH,D,V = V (min) – NH OH V (min) IH,,25
836,10,Unit-10,mcq,1,If a logic circuit has fan out 4 it means .,It has 4 inputs,It has 4 outputs,It can drive maximum 4 inputs,It can give 4 times the input,C,It can drive maximum 4 inputs,,25
837,10,Unit-10,descriptive,4,Classify the logic families. Give comparison with the advantages and disadvantages of CMOS and TTL logic families.,,,,,,,,25
838,10,Unit-10,short_answer,1,The digital logic family which has minimum power dissipation is _______ .,,,,,,CMOS,,25
839,10,Unit-10,descriptive,5,"Compare CMOS and TTL in terms of Power dissipation, Fan-out, Noise margin and Propagation delay. Also implement NAND gate using TTL and CMOS logic.",,,,,,,,25
840,10,Unit-10,descriptive,2,Implement NAND gate using logic family which has very low power dissipation per gate compare to other logic families.,,,,,,,,25
841,10,Unit-10,descriptive,3,"Design NOR gate using CMOS logic with its working principle and compare TTL and CMOS logic families, highlighting their unique features and characteristics.",,,,,,,,25
842,10,Unit-10,descriptive,2,Implement 2 input NAND Gate using TTL Logic,,,,,,,,25
843,10,Unit-10,descriptive,3,Compare CMOS over TTL logic families & illustrate NAND & NOT logic gates using CMOS.,,,,,,,,25
844,10,Unit-10,descriptive,2,Define following terms: 1) Fan Out 2) Noise margin,,,,,,,,25
