Sr_No,Unit_Id,Unit_Name,Type,Marks,Question,Option_A,Option_B,Option_C,Option_D,Correct_Option,Correct_Answer_Text,Images,Page
1,1,Unit-1,mcq,1,Which of the following functions can be used to fill all null values in a data frame?,fillna(),filled(),fillnull(),filler(),A,fillna(),,1
2,1,Unit-1,mcq,1,Which attribute of dropna() can be used to select the columns from which null values are to be considered for removing rows?,thresh,how,subset,superset,C,subset,,1
3,1,Unit-1,mcq,1,Which of the following pandas functions is used to generate cross tabulation?,crosstabulation,crosstabulation _,crosstab _,crosstab,D,crosstab,,1
4,1,Unit-1,mcq,1,Which of the following DataFrame attributes is used to return one or more specified row(s)?,locate,location,loc,find,C,loc,,1
5,1,Unit-1,mcq,1,Which of the following attributes can be used to show the number of rows and columns in a Pandas dataframe?,size,info,describe,shape,D,shape,,1
6,1,Unit-1,mcq,1,Which of the following is not displayed by the Pandas DataFrame info function?,column names,non-null count,data types,column average,D,column average,,1
7,1,Unit-1,mcq,1,Which of the following is not displayed by the Pandas DataFrame describe function?,count,mean,correlation,std,C,correlation,,1
8,1,Unit-1,mcq,1,What does it indicate if the corr() function shows correlation as 1 between any two columns of the DataFrame?,perfect correlation,good correlation,bad correlation,none of these,A,perfect correlation,,1
9,1,Unit-1,mcq,1,Which of the following is an example of qualitative data?,mean,gender,median,mode,B,gender,,1
10,1,Unit-1,mcq,1,Which of the following is an example of quantitative data?,eye colour,weight,skin colour,names,B,weight,,1
11,1,Unit-1,mcq,1,What does DataFrame.dropna(how='all') do?,drops those rows from the DataFrame which contain all null values,drops all rows from the DataFrame,drops even numbered rows from the DataFrame,drops odd numbered rows from the DataFrame,A,drops those rows from the DataFrame which contain all null values,,1
12,1,Unit-1,mcq,1,A data point that differs significantly from other observations is known as,mean,median,mode,outlier,D,outlier,,1
13,1,Unit-1,mcq,1,Which of following pandas functions can be used to display the specified number of rows from the beginning of the dataset?,head(),tail(),begin(),end(),A,head(),,1
14,1,Unit-1,mcq,1,Which of following pandas functions can be used to display the specified number of rows from the end of the dataset?,head(),tail(),begin(),end(),B,tail(),,1
15,1,Unit-1,mcq,1,Which of the following represents each data sample as polyline connecting parallel lines where each parallel line represents an attribute of that data sample?,parallel coordinates,parallelogram,straight lines,long lines,A,parallel coordinates,,1
16,1,Unit-1,mcq,1,"What is the output of the code shown below? import pandas as pd import numpy as np df=pd.DataFrame([[0,1.0,2.0,np.nan,5],[2.0,0,1.0,5.0,np.nan],[5.0,0,1.0,np.nan,5.0]]) df.dropna() print(df.loc[1,3])",0,5.0,1.0,2.0,B,5.0,,1
17,1,Unit-1,mcq,1,"What is the output of the code shown below? import pandas as pd import numpy as np df=pd.DataFrame([[0,1,2,np.nan,5],[2,0,1,5,np.nan],[5,0,1,np.nan,5],[2,0,1,np.nan,np.nan]]) df=df.dropduplicates(subset=[1,2]) _ df=df.dropduplicates(subset=[4]) _ df.dropna(thresh=2,axis=1) print(df.shape)","(5, 2)","(2, 3)","(2, 5)","(3, 2)",C,"(2, 5)",,1
18,1,Unit-1,mcq,1,"What type of Error the following code produces? import pandas as pnd pnd.Series([1,2], index= ['a','b','c'])",Syntax,Index,Key,Value,D,Value,,1
19,1,Unit-1,mcq,1,"To remove multiple values from the Pandas dataframe and to keep only the first occurrence values, what will be the correct syntax?",df.dropduplicate() _,df.drop(),df.dropduplicates() _,df.dropduplicates(),C,df.dropduplicates() _,,1
20,1,Unit-1,mcq,1,"From a Pandas series 's', if we need to extract indices (1,5,7,12) what will be the syntax used?","s (1,5,7,12)","s ([1,5,7,12])","s.index([1,5,7,12])","s.index(1,5,7,12)",B,"s ([1,5,7,12])",,1
21,1,Unit-1,mcq,1,What is the method used to calculate the mean of a numeric column in a DataFrame ?,average(),calculatemean() _,getmean() _,mean(),D,mean(),,1
22,1,Unit-1,mcq,1,"What is the output of the below code? import pandas as pd import numpy as np df=pd.DataFrame({""a"":[1,2,np.nan,3,4],""b"":[1,5,np.nan,2,1]}) df=df.dropduplicates(subset=""b"") _ df.dropna() df.fillna(20,inplace=True) print(df.shape[0])",4,3,2,1,A,4,,1
23,1,Unit-1,mcq,1,"What is the output of the below code? import pandas as pd import numpy as np df=pd.DataFrame([[1,2,3,4,5],[2,1,3,4,5],[np.nan,np.nan,np.nan,np.nan,np.nan]]) df.dropna(thresh=3,axis=1,inplace=True) print(df.shape[1])",0,1,2,3,A,0,,1
24,1,Unit-1,mcq,1,"What is the output of the below code? import pandas as pd import numpy as np df=pd.DataFrame([[1,2,3,4,5],[2,1,3,4,5],[np.nan,np.nan,np.nan,np.nan,np.nan]]) df.drop(1,inplace=True) df=df.dropna() print(df.shape[0])",1,2,3,0,A,1,,2
25,1,Unit-1,descriptive,3,Create a Pandas DataFrame from the following table and write code to remove all rows from this table containing at least one NaN value,,,,,,,images/Python-2_Practice_Book_2025/q_25_1.png,2
26,1,Unit-1,descriptive,3,Create a Pandas DataFrame from the following table and write code to remove all rows from this table only if all of their values are NaN,,,,,,,images/Python-2_Practice_Book_2025/q_26_1.png,2
27,1,Unit-1,descriptive,3,Create a Pandas DataFrame from the following table and write code to drop all columns containing NaN,,,,,,,images/Python-2_Practice_Book_2025/q_27_1.png,2
28,1,Unit-1,descriptive,4,Write Python code to remove outliers from any given DataFrame.,,,,,,,,2
29,1,Unit-1,descriptive,4,"Consider the following data: data = { ""A"": [""TeamA"", ""TeamB"", ""TeamB"", ""TeamC"", ""TeamA""], ""B"": [50, 40, 40, 30, 50], ""C"": [True, False, False, False, True] } Convert this to a Pandas DataFrame and remove duplicate rows from it. Reset index values.",,,,,,,,3
30,1,Unit-1,descriptive,3,Consider the following autompg dataset: https://raw.githubusercontent.com/Jovita7/Data-Analysis-and-Visualization/main/auto-mpg.csv Write Python code to convert it to a DataFrame and remove mpg and cylinders columns from it,,,,,,,,3
31,1,Unit-1,descriptive,3,"Use the file heightsweights.csv (https://raw.githubusercontent.com/Jovita7/Data-Analysis-and- _ Visualization/main/heightsweights.csv) which contains 10000 non-null values for heights and weights. The Male column shows _ 1 if the person is a Male and 0 if the person is a Female.
1. Convert this file into a pandas Data Frame. (0.5 marks)
2. Display basic information like memory and data types for this data frame. (0.5 marks)
3. Display basic statistics like mean, std, quartiles, etc. for this data frame. (0.5 marks)
4. Create a correlation table for the data frame and comment about what kind of correlation is there between Height and Weight. (0.5 marks)
5. Do Height and Weight contain any outliers? (1 mark)",,,,,,,,3
32,1,Unit-1,descriptive,5,"Use the file ipl-matches.csv which contains data of all the IPL matches from year 2008 to 2022. Read this csv file and display the basic information like memory and data types for this data frame. Write python code for the following cases:
1. List out all matches gone in superover.
2. How Many Matches won by Chennai Super Kings at Kolkata.
3. In How Many Matches MS Dhoni is Player of Match Vs Mumbai Indians.
4. Display list of all matches in which Gujarat Titans won the Toss and Elected to Bat and won the match.
5. Display list of all matches won by Gujarat Titans.",,,,,,,,3
33,1,Unit-1,descriptive,9,"Use the file spotify.csv
1.Convert this file into a pandas Data Frame. (0.5 marks)
2.Display basic informaƟon like memory and data types for this data frame. (0.5 marks)
3.Display basic staƟsƟcs like mean, std, quarƟles, etc. for this data frame. (0.5 marks)
4.Create a correlaƟon table for the data frame and comment about what kind of correlaƟon is there between danceability and energy (0.5 marks)
5.Display first five rows for this data frame.(0.5 marks)
6.Display last five rows for this data frame. (0.5 marks)
7.Display the rows between 15 to 39 for this data frame. (0.5 marks)
8.Display the data only for last five rows and last five columns for this data frame. (0.5 marks)
9.Display the shape for this data frame. (0.5 marks)
10.Display the sum of NULL values for all the columns. (0.5 marks)
11.Remove first 3 columns from this Data Frame. (0.5 marks)
12.Remove first 10 rows from this Data Frame. (0.5 marks)
13.AŌer removing first 3 columns and first 10 rows from this data frame find outliers for the column popularity. (1 marks)
14.AŌer removing first 3 columns and first 10 rows from this data frame remove outliers for the column energy then display the data frame. (1 marks)
15.Display cross tabulaƟon between Ɵmesignature and trackgenre for actual Data Frame. (1 marks) _ _",,,,,,,,3
34,1,Unit-1,descriptive,9,"Read this csv file car data.csv and display the basic information like memory and data types for this data frame. Write Python Code for the following cases:
1.How Many ritz car are there with kms driven more than 30000km.
2.How many Petrol cars are of the year 2017 and whose selling price > 10 lakhs.
3.How many swiŌ cars are there with selling price < 4 Lakhs.
4.How many AutomaƟc Transmission Petrol Car are of the year 2015 whose selling price is > 10 Lakhs.
5.List out Vehicles with AutomaƟc Transmission and selling price < 1 Lakh.
6.How Many Petrol Vehicles are there with kms driven more than 50000kms and Year is between 2010 to 2015(both Year included).
7.List out the cars whose price difference between present price and selling price is > 15 lakhs.
8.How many Petrol vehicles are there whose kms driven < 5000km and selling price < 50000.",,,,,,,,4
35,1,Unit-1,descriptive,9,"1. Load the dataset into a pandas DataFrame (dataresult.csv) and answer the following questions. _
2. View the first few rows of the dataset
3. Check the shape of the dataset
4. View the first last rows of the dataset
5. Get summary statistics of numerical columns
6. Get summary statistics of numerical columns with 0.58 and 0.87 percentiles
7. Get summary statistics of all types of columns
8. Information of all columns
9. Check for missing values
10. Removing duplicates if duplicates
11. List out female students who have greater than 7 spi in all semesters.
12. Find number of students those who have greater than 8 spi in all 5 semesters.
13. Find outliers of sem 4 result. Also represent statistical analysis with visualization.(boxplot)",,,,,,,,4
36,1,Unit-1,descriptive,6,"Use the file movies.csv which contains 1629 rows and 18 columns. Read this csv file and display the basic information like memory and data types for this data frame. Write python code for the following cases:
1.List out Movies Released in Year 2019.
2.How Many Movies are having IMDB RaƟng > 7 (Display Number of Movies).
3.List out the Movies with 'Ɵtle' and 'story' whose IMDB Votes > 20000.
4.List out Movies Released in Year 2018, Display only Movie Title with Release Date of Year 2018 Movies.
5.Display only Movie Title with its Wikipedia Link.",,,,,,,,4
37,2,Unit-2,mcq,1,Which of the following commands is used to create an area plot in Matplotlib?,plt.scatter(),plt.area(),plt.fillbetween() _,plt.plot(),C,plt.fillbetween() _,,4
38,2,Unit-2,mcq,1,Which of the following is not a visualization under matplotlib?,Scatter Plot,Area Plot,Box Plot,Table Plot,D,Table Plot,,4
39,2,Unit-2,mcq,1,Which python package is used for data visualization?,matplotlib.pyplot,matplotlib.pip,matplotlib.numpy,matplotlib.plt,A,matplotlib.pyplot,,4
40,2,Unit-2,mcq,1,Which of the following commands is used to show a Matplotlib plot in a Jupyter notebook?,plt.plot(),plt.display(),plt.show(),plt.draw(),C,plt.show(),,4
41,2,Unit-2,mcq,1,Plot which is used to give statistical summary is,Scatter Plot,Box Plots,Bar Plot,Area Plot,B,Box Plots,,4
42,2,Unit-2,mcq,1,Which of the following chart element is used to identify data series by its color patterns?,Data Series,Legend,Title,Markers,B,Legend,,4
43,2,Unit-2,mcq,1,Which of the following is best suitable chart to show data correlation?,Histogram,Bar,Pie,Scatter,D,Scatter,,4
44,2,Unit-2,mcq,1,Which of the following parameters is used to specify the transparency of an area plot in Matplotlib?,alpha,linewidth,color,label,A,alpha,,4
45,2,Unit-2,mcq,1,Which of the following commands is used to create a stacked area plot in Matplotlib?,plt.plot(),plt.stackplot(),plt.fillbetween() _,plt.area(),B,plt.stackplot(),,4
46,2,Unit-2,mcq,1,What type of data is best suited for box plots?,Categorical data,Binary data,Continuous numerical data,Time-series data,C,Continuous numerical data,,4
47,2,Unit-2,mcq,1,"In a box plot, the bottom line of the box represents which quartile?",First quartile,Second quartile,Third quartile,Fourth quartile,A,First quartile,,4
48,2,Unit-2,mcq,1,"In a box plot, the top line of the box represents which quartile?",First quartile,Second quartile,Third quartile,Fourth quartile,C,Third quartile,,4
49,2,Unit-2,mcq,1,What is a waffle chart in Python?,A type of pie chart,A type of stacked bar chart,A type of heatmap,A type of visualization that displays progress towards a goal,D,A type of visualization that displays progress towards a goal,,4
50,2,Unit-2,mcq,1,Which of the statement is true for Word Clouds?,A graphical representation of the most frequently occurring words in a text corpus,A cloud computing service for analyzing text data,A machine learning algorithm for text classification,A programming language for natural language processing,A,A graphical representation of the most frequently occurring words in a text corpus,,4
51,2,Unit-2,mcq,1,Which of the following types of data is best suited for creating a word cloud?,Categorical data,Numerical data,Text data,Image data,C,Text data,,4
52,2,Unit-2,mcq,1,Which of the following parameters in the WordCloud() function is used to set the maximum number of words in the cloud?,maxwords _,words,max,wordsize _,A,maxwords _,,4
53,2,Unit-2,mcq,1,Which of the following methods in the WordCloud() function is used to generate the word cloud image?,generate(),fit(),transform(),predict(),A,generate(),,4
54,2,Unit-2,mcq,1,What does STOPWORDS contain in wordcloud?,"Words that are used very frequently in a language and have little meaning, such as ""the"", ""is"", and ""and""","Words that are used very rarely in a language and have little meaning, such as ""zephyr"", ""ebullient"", and ""myriad""","Words that are used in a specific domain, such as ""computer"", ""internet"", and ""programming""","Words that are used in formal contexts, such as ""therefore"", ""moreover"", and ""thus""",A,"Words that are used very frequently in a language and have little meaning, such as ""the"", ""is"", and ""and""",,5
55,2,Unit-2,mcq,1,What is the purpose of removing stopwords from a text before generating a word cloud?,To improve the readability of the word cloud,To reduce the number of words in the word cloud,To remove words that have little meaning and contribute to noise in the visualization,To highlight the most important words in the word cloud,C,To remove words that have little meaning and contribute to noise in the visualization,,5
56,2,Unit-2,mcq,1,Which Python library is commonly used to create regression plots?,pandas,seaborn,Matplotlib,NumPy,B,seaborn,,5
57,2,Unit-2,mcq,1,Which type of regression plot is used to visualize the relationship between two continuous variables?,lmplot,regplot,residplot,jointplot,B,regplot,,5
58,2,Unit-2,mcq,1,What is a heatmap used for?,To visualize categorical data,To visualize numerical data in a grid-like format,To fit a regression line to the data,To perform clustering on the data,B,To visualize numerical data in a grid-like format,,5
59,2,Unit-2,mcq,1,Which parameter in the sns.heatmap() function is used to show numerical values in heatmap?,annot,annotate,percent,show,A,annot,,5
60,2,Unit-2,mcq,1,What is the purpose of the cbar parameter in the sns.heatmap() function?,To adjust the transparency of the colorbar,To adjust the size of the colorbar,To add a colorbar to the heatmap,To adjust the color scale of the heatmap,C,To add a colorbar to the heatmap,,5
61,2,Unit-2,mcq,1,Which of the following methods is used to create a map in Folium?,folium.createmap() _,folium.Map(),folium.makemap() _,folium.newmap() _,B,folium.Map(),,5
62,2,Unit-2,mcq,1,Which of the following methods is used to add a marker to a map in Folium?,addmarker() _,addpoint() _,addlocation() _,addchild() _,D,addchild() _,,5
63,2,Unit-2,mcq,1,Which of the following statements is true about the CircleMarker class in Folium?,It is used to create a circle markers on a map,It is used to create a polygon markers on a map,It is used to add a single marker to a map,It is not a valid class in Folium,A,It is used to create a circle markers on a map,,5
64,2,Unit-2,mcq,1,Which of the following statements is true about the Choropleth class in Folium?,It is used to create a heatmap,It is used to create a choropleth map,It is used to group markers together,It is not a valid class in Folium,B,It is used to create a choropleth map,,5
65,2,Unit-2,mcq,1,Which of the following methods is used to add a Choropleth to a map in Folium?,map.addchoropleth() _,Choropleth.addto(map) _,map.addlayer() _,Choropleth.addmarker() _,B,Choropleth.addto(map) _,,5
66,2,Unit-2,mcq,1,Which of the following methods is used to create a Choropleth map in Folium?,folium.Map(),folium.Choropleth(),folium.Marker(),folium.Circle(),B,folium.Choropleth(),,5
67,2,Unit-2,mcq,1,Which of the following types of graphs is not supported by NetworkX?,Directed graphs,Undirected graphs,Hypergraphs,None of the above,C,Hypergraphs,,5
68,2,Unit-2,mcq,1,Which of the following methods is used to add nodes to a graph in NetworkX?,graph.addnode() _,graph.addnodes() _,graph.nodes(),graph.node(),A,graph.addnode() _,,5
69,2,Unit-2,mcq,1,"To plot a pywaffle chart, what will be the correct syntax used?","plt.figure(FigureClass=Waffle, rows=10, values=values, labels=labels)","plt.waffle(rows=10, values=values, labels=labels)","plt.pywaffle(rows=10, values=values, labels=labels)","plt.figure(figureclass=Waffle, rows=10, values=values, labels=labels)",A,"plt.figure(FigureClass=Waffle, rows=10, values=values, labels=labels)",,5
71,2,Unit-2,descriptive,3,Create a boxplot of the distribution of temperatures in different cities. Take data from 'temperatures.csv' from below: https://raw.githubusercontent.com/kavit88/Data-Sets/main/temperatures.csv,,,,,,,,5
72,2,Unit-2,descriptive,4,"The following dictionary shows how five people follow each other on Instagram: instagram = {'person1': [0,1,1,0,1], 'person2': [0,0,1,0,1], 'person3': [1,1,0,1,1],'person4': [1,1,1,0,0], 'person5': [1,1,0,0,0]} E.g., the list for person1 has the value on index 2 as 1 which means person1 followsperson3 and a directed edge should be added from person1 to person3. Using networkx library, create a directed graph.",,,,,,,,5
73,2,Unit-2,descriptive,5,"You have been given a dataset of car prices and their respective horsepower, mileage, and weight. You have been tasked to analyze the relationship between these variables and create a scatter plot to visualize the patterns. Dataset: The dataset, named ""car data.csv"" : _ https://raw.githubusercontent.com/kavit88/Data-Sets/main/car data.csv _",,,,,,,,6
74,2,Unit-2,descriptive,5,"You have been given a dataset of house prices and their respective lot size and square footage. Your task is to create a scatter plot to determine if there is any correlation between these variables. Dataset: The dataset, named ""house data.csv"": _ https://raw.githubusercontent.com/kavit88/Data-Sets/main/house data.csv",,,,,,,,6
75,2,Unit-2,descriptive,6,"_ Use the file heightsweights.csv which contains 10000 non-null values for heights and weights. The Male column shows 1 if the _ person is a Male and 0 if the person is a Female. Take file of dataset from: https://raw.githubusercontent.com/kavit88/Data-Sets/main/heightsweights.csv _
1. Convert this file into a pandas Data Frame.
2. Display basic information like memory and data types for this data frame.
3. Display basic statistics like mean, std, quartiles, etc. for this data frame.
4. Create a correlation table for the data frame and comment about what kind ofcorrelation is there between Height and Weight.
5. Do Height and Weight contain any outliers? Answer by creating boxplots for both.
6. Finally, create a scatter plot of Weight v/s Height with the following specifications:
(i) use + sign, colour green and size 50 for markers. (ii) Label X Axis as Weight and Y Axis as Height. (iii) Display title on top as Weight vs Height",,,,,,,,6
76,2,Unit-2,descriptive,3,"The file ""sales.csv"" contains the monthly sales data for a store over a year. Each row contains the month (in the format ""yyyy-mm""), the total sales for that month, and the number of items sold. Create a pandas DataFrame from this data and plot the monthly sales using an area plot. Take the dataset from below: https://raw.githubusercontent.com/kavit88/Data-Sets/main/sales.csv",,,,,,,,6
77,2,Unit-2,descriptive,5,"The file ""survey.csv"" contains the results of a survey that asks people how many hours they sleep per night, how much coffee they drink per day, and how many hours they spend exercising per week. Create a pandas DataFrame from this data and plot the relationships between these variables using regression plots. Specifically, create the following plots:
1. A regression plot of hours of sleep versus cups of coffee per day, with a regression line and confidence interval.
2. A regression plot of hours of sleep versus hours of exercise per week, with a regression line and confidence interval.
3. A regression plot of cups of coffee per day versus hours of exercise per week, with a regression line and confidence interval. Label each axis appropriately and give each plot a title. Take Dataset from below: https://raw.githubusercontent.com/kavit88/Data-Sets/main/survey.csv",,,,,,,,6
78,2,Unit-2,descriptive,4,"Use the California Houses.csv file to create a map with the first 200 rows using the latitudes and longitudes given in _ the file with the following customizations:
1. Colour of circle markers should be green with red fill and the type of map should be stamen terrain
2. Add pop up labels using the population from the file. Take the dataset fom below: https://raw.githubusercontent.com/kavit88/Data-Sets/main/California Houses.csv",,,,,,,,6
79,2,Unit-2,descriptive,3,"_ The file ""student scores.csv"" contains the marks scored by a group of students in three subjects: Maths, Science, and _ English. Each row contains the name of the student, their score in Maths, Science, and English. Create a pandas DataFrame from this data and create a heatmap to visualize the correlations between the scores in these three subjects. Take Dataset from below: https://raw.githubusercontent.com/kavit88/Data-Sets/main/student scores.csv",,,,,,,,6
80,2,Unit-2,descriptive,3,_ You are given a dataset that contains the unemployment rate of different US states for the year 2021. You have to create a choropleth map of the US using the unemployment rate data. csv file: https://raw.githubusercontent.com/Jovita7/Data-Analysis-and- Visualization/main/US Unemployment Oct2012.csv _ _ json file: https://raw.githubusercontent.com/Jovita7/Data-Analysis-and-Visualization/main/us-states.json,,,,,,,,6
81,2,Unit-2,descriptive,3,"You are given a text file named ""speech.txt"" which contains the transcript of a speech. You need to create a Word Cloud for the most frequent words used in the speech. https://raw.githubusercontent.com/kavit88/Data-Sets/main/speech.txt",,,,,,,,6
82,2,Unit-2,descriptive,4,You are given a dataset containing customer reviews of a restaurant. Your task is to create a wordcloud of the most frequent words used in the reviews after removing the stopwords. https://raw.githubusercontent.com/kavit88/Data-Sets/main/restaurant reviews.csv,,,,,,,,7
83,2,Unit-2,descriptive,3,"_ Suppose you have data on the number of medals won by a country in the 2020 Tokyo Olympics. You want to visualize this data using a waffle chart to show the proportional representation of each country's medal count. Data={'USA': 113, 'China': 88, 'Japan': 58, 'Great Britain': 65, 'ROC': 71, 'Australia': 46, 'Netherlands': 36, 'France': 33, 'Germany': 37, 'Italy': 40}",,,,,,,,7
84,2,Unit-2,descriptive,4,"Using Networkx Library, Write a code to Create a below given Directed Graph.",,,,,,,images/Python-2_Practice_Book_2025/q_84_1.png,7
85,2,Unit-2,descriptive,3,"You have been hired as a network analyst by a company to analyze the social network of their employees. The company has provided you with the following data: There are 5 employees in the company, each identified by a unique ID from 1 to 5. The following relationships exist between the employees:
1. Employee 1 is friends with Employee 2 and Employee 3.
2. Employee 2 is friends with Employee 4.
3. Employee 3 is friends with Employee 5. Your task is to create a NetworkX graph representing this social network and display it.",,,,,,,,7
86,2,Unit-2,descriptive,3,"Consider the following numpy arrays: Time=np.arange(12) income=np.array([5,9,6,6,10,7,6,4,4,5,6,4]) expense=np.array([6,6,8,3,6,9,7,8,6,6,4,8]) Use Time array for X-axis and create two separate lines in the same graph with income & expense on Y-axis. Give Appropriate labels. Create an area fill graph between the two lines in such a way that where income is more than expense, are filled with Green and areas where expense is more than income are filled with red.",,,,,,,,7
87,2,Unit-2,descriptive,4,"You have been hired by an Airlines company to analyze their routes. The company has provided you following data. Your task is to create a NetworkX directed graph representing the routes and display it. Figure size should be (15,15), node color should be green, take appropriate node size, edge color should be red. Data: Kolkata to Mumbai Mumbai to Pune Mumbai to Goa Kolkata to Delhi Kolkata to Bhubaneshwar Mumbai to Delhi Delhi to Chandigarh Delhi to Surat Kolkata to Hyderabad Hyderabad to Chennai Chennai to Thiruvananthapuram Thiruvananthapuram to Hyderabad Kolkata to Varanasi Delhi to Varanasi Mumbai to Bangalore Chennai to Bangalore Hyderabad to Bangalore Kolkata to Guwahati",,,,,,,,8
88,2,Unit-2,descriptive,9,"Using 'supermarketsales.csv' file do the following operations and give required answer by using proper programming process. _ 1). Load the dataset into a pandas DataFrame and read first 8 rows. 2). Check for missing values and fill it by mean values of that particular column if any. 3). Find the number of orders which have 'Quantity' less than 3 and which have (either 'Rating' greater than 8.5 or 'Total' greater than 600). 4). Find the sum of 'Total' purchasing price spent by Member and Normal 'Customer type'. 5). Find the percentage of total of 'gross income' based on the different 'Payment' methods used by customers. (Ewallet, Cash and Credit card) 6). Analyze the purchasing behavior of male and female customers using 'Gender' column. Find their average purchase prices using 'Total' column. 7). Create a scatter plot that shows the relationship between total amount spent and rating. (keep '+' marker, with marker size 100 and green color). 8). Create a box plot that shows the distribution of 'Rating' and 'Quantity'. And comment about outliers in both columns. 9). Visualize with parallel co-ordinates for 'Unit price', 'Total', 'cogs' columns' data with respect to 'Product line'.",,,,,,,,8
89,2,Unit-2,descriptive,9,"Use the file data.csv which contains 169 rows and 4 columns.
1. Convert this file into pandas Data Frame and Display basic statistics like mean, std, quartiles, etc. for this data frame.
2. Create a correlation table for the data frame and comment about what kind of correlation is there between Duration and Calories?
3. Find whether there any null or NA values, drop all such rows if found in the data frame and print the shape of the data frame after dropping.
4. Prepare a scatter matrix for the following data frame and prepare a parallel coordinates for Duration v/s Pulse, Maxpulse and Calories (all 3 other columns).
5. Do Maxpulse have any outliers? Find using function.
6. Show the outliers using box plot for Maxpulse, width of box plot should be 0.75 and notch should be True.
7. Create a scatter plot for Duration (x-axis) and then Pulse, Maxpulse and Calories (y-axis) with different colors. For each there should be different color and marker.",,,,,,,,8
90,2,Unit-2,descriptive,9,"The dataset provided in 'kchousedata.csv' contains house sale prices for King County, which includes Seattle. It includes _ _ homes sold between May 2014 and May 2015.",,,,,,,,8
91,2,Unit-2,descriptive,9,"For the given dataset – iris.csv, perform following exploratory data analysis using python - Use comment feature to answer appropriate questions – a) Load dataset into jupyter notebook using appropriate libraries. Check the datatypes of the dataset attributes. Does the data contain any missing /null values? b) Extract head and tail of the dataset using appropriate methods. c) Summarize statistical figures (i.e. mean, median, percentiles) in one table using appropriate method. d) Create correlation table of all variables. What can you infer about relation between petal length and sepal length? e) Create parallel coordinate plot of iris dataset. What can you infer about petal length and petal width? f) Create box plot of sepal width. Visualizing the plot, answer whether the sepal width data contains any outliers. g) Create cross tabulation of sepal length and petal width attributes. What does the table represent? h) Create scatter matrix of the dataset. i) Create a new column called 'SepalLengthSize' which contains ""High"" if sepal length ≥ 5 or ""Low"" if sepal length < 5.",,,,,,,,9
92,2,Unit-2,descriptive,9,"To upload the 'diabetesunclean.csv' to your working folder _ First import the following libraries import pandas as pd import matplotlib.pyplot as plt import numpy as np
1.Make a data frame with the variable name df
2.To display the specific staƟsƟcs or measures that are relevant for object-type columns
3.To display the specific staƟsƟcs or measures that are relevant for numerical-type columns
4.How many rows and columns are in a given dataset
5.To check the missing values
6.To replace the missing values in the column ""HbA1c"" with their mean value
7.Dropping the missing values of other columns
8.Display the correlaƟon between variables
9. Checking the outliers in the dataset for the following parameters: 'AGE', 'Urea', 'HbA1c', 'Chol', 'TG', 'HDL', 'LDL', 'VLDL', 'BMI' using box plot with labels and title
10.Visualized the ""Urea"", ""HbA1c"", ""TG"" and ""BMI"" parameters for different ages using parallelcoordinates with labels and _ title
11.Remove the rows whose gender column has an ""f"" value and give the frequency count of the ""F"" and ""M"" values in different CLASS values
12.Remove the outliers in the ""HbA1c"" columns and print the shape of the data frame Note: all task output with specific question numbers and follow the sequence Example: print(""Ans-1"")",,,,,,,,10
93,3,Unit-3,mcq,1,Which module in Python supports regular expressions?,re,regex,pyregex,None of these,A,re,,10
94,3,Unit-3,mcq,1,"What will be the output of the following Python code? re.split('\W+', 'Hello, hello, hello.')","['Hello', 'hello', 'hello.']","['Hello, 'hello', 'hello']","['Hello', 'hello', 'hello', '.']","['Hello', 'hello', 'hello', '']",D,"['Hello', 'hello', 'hello', '']",,10
95,3,Unit-3,mcq,1,"What will be the output of the following Python function? re.findall(""hello world"", ""hello"", 1)","[""hello""]",[],hello,hello world,B,[],,10
96,3,Unit-3,mcq,1,"What will be the output of the following Python code? re.sub('morning', 'evening', 'good morning')",'good evening','good','morning','evening',A,'good evening',,10
97,3,Unit-3,mcq,1,"What will be the output of the following Python code? re.split('mum', 'mumbai*', 1)",Error,"['', 'bai*']","["", 'bai']",['bai*'],B,"['', 'bai*']",,10
98,3,Unit-3,mcq,1,"What will be the output of the following Python code? re.split(r'\s+', 'Chrome is better than explorer', maxsplit=3)","['Chrome', 'is', 'better', 'than', 'explorer']","['Chrome', 'is', 'better', 'than explorer']","('Chrome is', 'better', 'than explorer')",'Chrome is better' 'than explorer',B,"['Chrome', 'is', 'better', 'than explorer']",,10
99,3,Unit-3,mcq,1,"What will be the output of the following Python code? re.sub('Y', 'X', 'AAAAAA', count=2)",'YXAAAA',('YXAAAA'),('AAAAAA'),'AAAAAA',D,'AAAAAA',,10
100,3,Unit-3,mcq,1,Which function returns a list containing all matches?,findall,search,split,find,A,findall,,10
101,3,Unit-3,mcq,1,Which character stand for Starts with in regex?,&,^,#,$,B,^,,10
102,3,Unit-3,mcq,1,Which character stand for Zero or more occurrences in regex?,*,#,@,|,A,*,,10
103,3,Unit-3,mcq,1,"In Regex, s stands for?",Returns a match where the string DOES NOT contain digits,Returns a match where the string DOES NOT contain a white space character,Returns a match where the string contains a white space character,Returns a match if the specified characters are at the end of the string,C,Returns a match where the string contains a white space character,,10
104,3,Unit-3,mcq,1,Which of the following options is the correct way to import the regex library?,import regex,import re,import Regex,import Re,B,import re,,10
105,3,Unit-3,mcq,1,matches the start of the string. _______ matches the end of the string. _______,"'^', '$'","'$', '^'","'$', '?'","'?', '^'",A,"'^', '$'",,10
106,3,Unit-3,mcq,1,What does the command ab+c search for?,"ac,abc,abbc, and so on","ab,abc,abcc and so on","abc,abbc,abbbc and so on",None of the above,C,"abc,abbc,abbbc and so on",,10
107,3,Unit-3,mcq,1,"Which of the following command is used to search a match for 1,2,3,4?",[1-4],(1-3),[1234],Both A and C,D,Both A and C,,10
108,3,Unit-3,mcq,1,"What is the output of the code shown below? print(re.split('\d','abc123xyz',maxsplit=1))","['abc', '23xyz']","['abc', '123xyz']",['abc123xyz'],"['abc1', '23xyz']",A,"['abc', '23xyz']",,10
109,3,Unit-3,mcq,1,"What is the output of the below code? re.sub('a','u','aeiou!')",ueiou!',eiou!',eio!',None of these,A,ueiou!',,10
110,3,Unit-3,mcq,1,"What is the output of the code shown below? import re text = ""Is this Python?"" pattern = r'\w{2}\W+[^\W]' result = re.sub(pattern, ""**"", text) print(result)",****ython?,Is this Py**,**h**ython?,Is th** ython?,C,**h**ython?,,10
111,3,Unit-3,mcq,1,"What is the output of the code shown below? import re text = ""<p>This is some text with <b>bold</b> and <i>italic</i> text.</p>"" pattern = r'<[^>]?>' result = re.sub(pattern, """", text) print(result)",This is some text with bold</b> and italic</i> text.</p>,This is some text with bold and italic text.,<p>This is some text with <b>bold</b> and <i>italic</i> text.</p>,This is some text with,A,This is some text with bold</b> and italic</i> text.</p>,,11
112,3,Unit-3,mcq,1,"What will be the output of the following Python code? import re text = ""My phone number is 123-456-7890 and my friend's number is 987-654-3210."" pattern = r'\d{10}' result = re.findall(pattern, text) print(result)",[ ],"['123-456-7890', '987-654- 3210']",['123-456-7890'],['123-456-7890-987-654-3210'],A,[ ],,11
113,3,Unit-3,mcq,1,"What will be the output of the following Python code? import re text = ""The code is AAA333BB and PQR365RRR."" pattern = r'[A-Z]{3}\d{3}[A-Z]{3}' result = re.findall(pattern, text) print(result[0])",A,PQR,AAA333BB,PQR365RRR,D,PQR365RRR,,11
114,3,Unit-3,mcq,1,"What is the output of the code shown below? import re txt=""That will be 59 dollars till 2000"" x=re.findall('\d+',txt) print(x)","59,2000","['59','2000']","['59','20','00']","59,20,00",B,"['59','2000']",,11
115,3,Unit-3,mcq,1,"What is the output for following program? import re text = ""The quick brown @fox*jumps#over$the^ lazy&dog."" pattern = r'[a-z]+' result = re.split(pattern, text) len(result[0])",5,1,2,3,B,1,,11
116,3,Unit-3,mcq,1,"What is the output for following program? import re text = ""The quick brown fox jumps over the lazy dog."" result = re.findall(r'\w{3}', text) print(result)","['The', 'qui', 'bro', 'fox', 'jum', 'ove', 'the', 'laz', 'dog']","[ 'qui', 'bro', 'fox', 'jum', 'ove', 'the', 'laz',]",['The'],[ ],A,"['The', 'qui', 'bro', 'fox', 'jum', 'ove', 'the', 'laz', 'dog']",,11
117,3,Unit-3,mcq,1,"What is the output for following program? import re text = ""the password is p@ssword."" pattern = r'[A-Z0-9]+' result = re.search(pattern, text) print(result)",None,0,error,[ ],A,None,,11
118,3,Unit-3,mcq,1,"What is the output of the code shown below? import re txt = ""08 times before 11:45 AM"" x = re.findall(""[1-5][0-9]"", txt) print(x)","['11', '45']","['08', '11', '45']","['8', '11', '45']",['11:45'],A,"['11', '45']",,11
119,3,Unit-3,mcq,1,"What is the output of the below code? import re text = ""Hello, how are you?"" pattern = r'\w{3}\W+' result = re.sub(pattern, ""###"", text) (result)",'He############','He###ow ###ou?','He###how are you?',None of these,A,'He############',,11
120,3,Unit-3,mcq,1,"What is the output of the below code? import re text = ""The quick brown fox jumps over the lazy dog."" result = re.findall(r'\w{4}\s', text) print(len(result))",5,4,3,2,A,5,,11
121,3,Unit-3,mcq,1,"What is the output of the below code? import re s = ""black, blue and brown"" pattern = r'bl\w+\W' matches = re.findall(pattern,s) print(len(matches[0]))",5,6,4,3,B,6,,12
122,3,Unit-3,mcq,1,"What is the output of the below code? import re text = ""The code is ABC123XYZ and XYZ789."" pattern = r'[A-Z]{3}\d{3}[^\s]{3}' result = re.findall(pattern, text) print(result)",['ABC123XYZ'],ABC123XYZ'],[],[ABC123XYZ],A,['ABC123XYZ'],,12
123,3,Unit-3,mcq,1,"What is the output of the below code? import re pattern = r'\d{3}' string = 'The price of the product is 1234 dollars.' match = re.findall(pattern, string) print(match[0])",123,1234,12,12,A,123,,12
124,3,Unit-3,mcq,1,"What is the output of the code shown below? import re txt=""The date was 12-05-2024 and time was 12:30 PM"" x=re.findall('[0-5][0-8]',txt) print(x)","['12', '05', '20', '24', '12', '30']","['12', '05', '2024', '12', '30']",['120520241230'],"['12-05', '2024', '12', '30']",A,"['12', '05', '20', '24', '12', '30']",,12
125,3,Unit-3,descriptive,3,Write a python program to print Phone number from given string using regular expressions.,,,,,,,,12
126,3,Unit-3,descriptive,3,"Write a Python program to check that a string contains only a certain set of characters (in this case a-z, A-Z and 0-9) using regular expressions.",,,,,,,,12
127,3,Unit-3,descriptive,4,Write a Python program using regular expressions that matches a string that has an a followed by zero or more b's.,,,,,,,,12
128,3,Unit-3,descriptive,4,Write a Python program that matches a string that has an 'a' followed by one or more b's using regular expressions.,,,,,,,,12
129,3,Unit-3,descriptive,4,Write a Python program that matches a string that has an 'a' followed by zero or one 'b' using regular expressions.,,,,,,,,12
130,3,Unit-3,descriptive,4,Write a Python program that matches a string that has an 'a' followed by three 'b' using regular expressions.,,,,,,,,12
131,3,Unit-3,descriptive,4,Write a Python program to find sequences of lowercase letters joined by an underscore using regular expressions.,,,,,,,,12
132,3,Unit-3,descriptive,4,Write a Python program to find the sequences of one upper case letter followed by lower case letters using regular expressions.,,,,,,,,12
133,3,Unit-3,descriptive,4,"Write a Python program that matches a word at the end of a string, with optional punctuation using regular expressions.",,,,,,,,12
134,3,Unit-3,descriptive,4,Write a Python program that matches a word containing 'z' using regular expressions.,,,,,,,,12
135,3,Unit-3,descriptive,4,"Write a Python program to match a string that contains only upper and lowercase letters, numbers, and underscores using regular expressions.",,,,,,,,12
136,3,Unit-3,descriptive,4,Write a Python program that starts each string with a specific number using regular expressions.,,,,,,,,12
137,3,Unit-3,descriptive,4,Write a Python program to remove leading zeros from an IP address using regular expressions.,,,,,,,,12
138,3,Unit-3,descriptive,4,Write a Python program to check for a number at the end of a string using regular expressions.,,,,,,,,12
139,3,Unit-3,descriptive,4,Write a Python program to search for literal strings within a string using regular expressions.,,,,,,,,12
140,3,Unit-3,descriptive,4,"Write a Python program to extract year, month and date from an URL using regular expressions.",,,,,,,,12
141,3,Unit-3,descriptive,4,Write a Python program to convert a date of yyyy-mm-dd format to dd-mm-yyyy format using regular expressions.,,,,,,,,12
142,3,Unit-3,descriptive,4,Write a Python program to find all words starting with 'a' or 'e' in a given string using regular expressions.,,,,,,,,12
143,3,Unit-3,descriptive,3,Write a Python program to abbreviate 'Road' as 'Rd.' in a given string using regular expressions.,,,,,,,,12
144,3,Unit-3,descriptive,3,"Write a Python program to replace all occurrences of a space, comma, or dot with a colon using regular expressions.",,,,,,,,13
145,3,Unit-3,descriptive,3,"Write a Python program to replace maximum 2 occurrences of space, comma, or dot with a colon using regular expressions.",,,,,,,,13
146,3,Unit-3,descriptive,4,Write a Python program to convert a camel-case string to a snake-case string using regular expressions.,,,,,,,,13
147,3,Unit-3,descriptive,3,Write a Python program to remove multiple spaces from a string and store the output in list using regular expressions.,,,,,,,,13
148,3,Unit-3,descriptive,3,Write a Python program to split a string into uppercase letters using regular expressions.,,,,,,,,13
149,3,Unit-3,descriptive,3,Write a Python program to remove the parenthesis area in a string.,,,,,,,,13
150,3,Unit-3,descriptive,4,Write a Python program to insert spaces between words starting with capital letters.,,,,,,,,13
151,3,Unit-3,descriptive,7,Write a Python program that reads a given expression and evaluates it.,,,,,,,,13
152,3,Unit-3,descriptive,4,Write a Python program to remove lowercase substrings from a given string.,,,,,,,,13
153,3,Unit-3,descriptive,4,"Write a Python program that checks whether a word starts and ends with a vowel in a given string. Return true if a word matches the condition; otherwise, return false. Sample Data: (""Red Orange White"") -> True (""Red White Black"") -> False (""abcd dkise eosksu"") -> True",,,,,,,,13
154,3,Unit-3,descriptive,4,"Write a Python program that takes a string with some words. For two consecutive words in the said string, check whether the first word ends with a vowel and the next word begins with a vowel. If the program meets the condition, return true, otherwise false. Only one space is allowed between the words. Sample Data: (""These exercises can be used for practice."") -> True (""Following exercises should be removed for practice."") -> False (""I use these stories in my classroom."") -> True",,,,,,,,13
155,3,Unit-3,descriptive,2,"Write a Python Program to find all five-character words in a string. For example: Input : text = 'The quick brown fox jumps over the lazy dog.' Output : ['quick', 'brown', 'jumps']",,,,,,,,13
156,3,Unit-3,descriptive,4,"Write a python program that executes following tasks (strictly using regex module) Given text – "" hello welcome to the python exam my email is alice@google.com, world this is bob@meta.com appearing for python exam "" a) Remove leading and trailing spaces of the given text. b) Replace space between words of the given text by '$' symbol c) Extract username and host name (i.e. alice,bob,google, meta ) in a list",,,,,,,,13
157,3,Unit-3,descriptive,3,"Write a Python Program to find all URLs from a given text. Consider URLs to be of only this format. http://github.com https://github.com Can Start with either http or https followed by :// domain name dot com Example: Text=""Hello all Students must visit at my website https://www.pandasrockstar.com for more information. Also, check out http://www.google.com"" Output: Found URLs: https://www.pandasrockstar.com http://www.google.com",,,,,,,,13
158,4,Unit-4,mcq,1,Which of the following pandas functions is used to convert categorical data into numeric data?,getdummies() _,numeric(),getcategorical() _,getdumps() _,A,getdummies() _,,13
159,4,Unit-4,mcq,1,How do you handle missing or corrupted data in a dataset?,Drop missing rows or columns,Replace missing values with mean/median/mode,Assign a unique category to missing values,All of these,D,All of these,,13
160,4,Unit-4,mcq,1,What is Scikit-learn?,A machine learning library in Python,A data visualization library in Python,A natural language processing library in Python,A web development framework in Python,A,A machine learning library in Python,,13
161,4,Unit-4,mcq,1,Which of the following is an example of a regression algorithm in Scikit-learn?,K-means clustering,Decision tree,Linear regression,Support vector machines (SVM),C,Linear regression,,14
162,4,Unit-4,mcq,1,"How would you access the column ""symboling"" from the dataframe df?","df[""symboling""]","df==""symboling""","df[:""symboling""]","df[{""symboling""}]",A,"df[""symboling""]",,14
163,4,Unit-4,mcq,1,What is the correct symbol for missing data?,na,nan,none,non,B,nan,,14
164,4,Unit-4,mcq,1,Why do we convert values of Categorical Variables into numerical values?,Most statistical models cannot take in objects or strings as inputs,To save memory,To save time,None of these,A,Most statistical models cannot take in objects or strings as inputs,,14
165,4,Unit-4,mcq,1,What is the main difference between regression and classification in supervised learning?,"Regression predicts continuous outcomes, while classification predicts categorical outcomes","Regression predicts categorical outcomes, while classification predicts continuous outcomes","Regression uses labeled data, while classification uses unlabeled data","Regression is unsupervised, while classification is supervised",A,"Regression predicts continuous outcomes, while classification predicts categorical outcomes",,14
166,4,Unit-4,mcq,1,What evaluation metric is commonly used for regression tasks?,Accuracy,Precision,Mean Squared Error (MSE),Recall,C,Mean Squared Error (MSE),,14
167,4,Unit-4,mcq,1,What type of target variable is typically used in a regression problem?,Discrete,Categorical,Continuous,Binary,C,Continuous,,14
168,4,Unit-4,mcq,1,What is feature selection in supervised learning?,It is the process of creating new features from existing ones.,It is the process of removing irrelevant or redundant features from the dataset.,It is the process of selecting the target variable for prediction.,It is the process of transforming categorical features into numerical features.,B,It is the process of removing irrelevant or redundant features from the dataset.,,14
169,4,Unit-4,mcq,1,What is feature transformation in machine learning?,It is the process of creating new features from existing ones.,It is the process of removing irrelevant or redundant features from the dataset.,It is the process of selecting the target variable for prediction.,It is the process of transforming categorical features into numerical features.,D,It is the process of transforming categorical features into numerical features.,,14
170,4,Unit-4,descriptive,3,"You've been given a dataset with apartment area and price information. There's a noticeable non-linear relationship between area and price. To address this you intend to categorize them into 'High', 'Medium', and 'Low' groups. Prices above $3,000,000 are 'High', below $2,000,000 are 'Low', and between $2,000,000 and $3,000,000 are 'Medium'. Write a code to achieve this assuming that dataset has two columns named area and price.",,,,,,,,14
171,4,Unit-4,descriptive,3,"In a survey dataset, you have a column representing participants' ages. You want to categorize ages into 'Young', 'Middle-aged', and 'Elderly' groups. Ages below 30 are 'Young', ages between 30 and 60 are 'Middle-aged', and ages above 60 are 'Elderly'. Write a code to achieve this assuming the dataset has a column named 'age'.",,,,,,,,14
172,4,Unit-4,descriptive,3,"In a customer dataset, you have a column representing customer incomes. You want to categorize incomes into 'Low', 'Medium', and 'High' groups. Incomes below 30000 are 'Low', incomes between 30000 and 70000 are 'Medium', and incomes above 70000 are 'High'. Write a code to achieve this assuming the dataset has a column named 'income'.",,,,,,,,14
173,5,Unit-5,mcq,1,From where you can import LinearRegression?,sklearn.metrics,sklearn.linearmodel,sklearn.linearmodel _,sklearn. modelselection _,C,sklearn.linearmodel _,,14
174,5,Unit-5,mcq,1,From where you can import traintestsplit? _ _,sklearn.metrics,sklearn.linearmodel,sklearn.linearmodel _,sklearn. modelselection _,D,sklearn. modelselection _,,14
175,5,Unit-5,mcq,1,What is the purpose of the predict() method in sklearn?,To train a model using a given dataset,To make predictions using a trained model,To evaluate the performance of a model,To split the data in train and test data,B,To make predictions using a trained model,,14
176,5,Unit-5,mcq,1,What is the purpose of the fit() method in sklearn?,To train a model using a given dataset,To evaluate the performance of a model,To create a plot of predicted values,All of these,A,To train a model using a given dataset,,14
177,5,Unit-5,mcq,1,"If we pass x and y to a function traintestsplit(), we will get output in which order? _ _","xtrain, ytrain, xtest, ytest _ _ _ _","xtrain, xtest, ytrain, ytest _ _ _ _","xtrain, ytest, xtest, ytrain _ _ _ _","ytrain, ytest, xtrain, xtest _ _ _ _",B,"xtrain, xtest, ytrain, ytest _ _ _ _",,14
178,5,Unit-5,mcq,1,"Consider the following lines of code, what is the name of the column that contains the target values: from sklearn.linearmodel import LinearRegression _ lm=LinearRegression() X = df[['highway-mpg']] Y = df['price'] lm.fit(X, Y) Yhat=lm.predict(X)",price,highway-mpg,Both A and B,None of these,A,price,,14
179,5,Unit-5,mcq,1,"If X is a dataframe with 100 rows and 5 columns, and y is the target with 100 samples, and assuming all the relevant libraries and data have been imported, and the following line of code has been executed: LR = LinearRegression() LR.fit(X, y) yhat = LR.predict(X)",50,500,100,5,C,100,,14
180,5,Unit-5,mcq,1,"How many samples does yhat contain? What will be the size of training data if data is split like below? traintestsplit(x,y,testsize=0.25,randomstate=2) _ _ _ _",75%,25%,80%,20%,A,75%,,14
181,5,Unit-5,mcq,1,"Consider the following code snippet that implements linear regression in Python, what will be printed as the output of the code snippet? import numpy as np from sklearn.linearmodel import LinearRegression _ # Training data Xtrain = np.array([[1], [2], [3], [4]]) _ ytrain = np.array([2, 4, 6, 8]) _ # Test data Xtest = np.array([[5]]) _ # Linear regression model model = LinearRegression( ) model.fit(Xtrain, ytrain) _ _ predictedvalue = model.predict(Xtest) _ _ print(predictedvalue) _",10,[10.],5,[5.],B,[10.],,15
182,5,Unit-5,mcq,1,If the data contains 100 rows and 2 columns and if testsize=0.2 then how many rows will go into training and how many will _ undergo in testing?,"80,20","70,30","50,60","30,70",A,"80,20",,15
183,5,Unit-5,mcq,1,"Consider the following lines of code having 200 non-null data in both x and y. what is the output of following code : import pandas as pd import numpy as np dataset=pd.readcsv(""advertising.csv"") _ x=dataset[[""TV"",""Radio"",""Newspaper""]] y=dataset[""Sales""] print(x.shape)","(200,3)","(200,)","(200,1)","(160,3)",A,"(200,3)",,15
184,5,Unit-5,mcq,1,"Consider the following lines of code having 300 non-null data in both x and y. what is the output of following code : import pandas as pd import numpy as np dataset=pd.readcsv(""Book1.csv"") _ x=dataset[[""cgpa""]] y=dataset[""package""] from sklearn.modelselection import traintestsplit _ _ _ xtrain, xtest, ytrain, ytest = traintestsplit(x,y, testsize=0.2, randomstate=1) _ _ _ _ _ _ _ _ print(xtrain.shape) _","(240,3)","(240,)","(240,1)","(60,)",C,"(240,1)",,15
185,5,Unit-5,mcq,1,"If a dataframe with 400 rows and 5 columns, from the following code how many number of rows will go for xtest? _ from sklearn.modelselection import traintestsplit _ _ _ xtrain, xtest, ytrain, ytest = traintestsplit(x,y, testsize=0.2, randomstate=1) _ _ _ _ _ _ _ _",80,100,10,200,A,80,,15
186,5,Unit-5,mcq,1,"In scikit-learn's linear regression, what is the purpose of the ""coef"" attribute? _",It returns the intercept of the linear regression model.,It provides the coefficients of the features in the linear regression model.,It predicts the target variable values for new input data.,It computes the mean squared error (MSE) of the model.,B,It provides the coefficients of the features in the linear regression model.,,15
187,5,Unit-5,mcq,1,What is the purpose of the LinearRegression() function in scikit-learn?,To perform classification tasks,To fit a linear model to the data,To preprocess text data,To plot scatter plots,B,To fit a linear model to the data,,15
188,5,Unit-5,mcq,1,"In linear regression, what does the coefficient of determination (R-squared) measure?",The strength of the relationship between independent and dependent variables,The slope of the regression line,The accuracy of the model predictions,The variance explained by the re,D,The variance explained by the re,,15
189,5,Unit-5,mcq,1,When should you use linear regression for modeling data?,When the relationship between variables is nonlinear,When the dataset contains categorical variables,When the dependent variable is binary,When there is a linear relationship between independent and dependent variables,D,When there is a linear relationship between independent and dependent variables,,15
190,5,Unit-5,mcq,1,What does the coefficient of the independent variable (slope) in a simple linear regression model represent?,The y-intercept of the regression line.,The change in the dependent variable for a unit change in the independent variable.,The standard deviation of the residuals.,The correlation between independent and dependent variables,B,The change in the dependent variable for a unit change in the independent variable.,,16
191,5,Unit-5,mcq,1,"In polynomial regression, what does the degree of the polynomial represent?",The number of independent variables in the model.,The order of the polynomial curve fitted to the data.,The correlation between independent and dependent variables,The y-intercept of the regression curve.,B,The order of the polynomial curve fitted to the data.,,16
192,5,Unit-5,mcq,1,What distinguishes polynomial regression from linear regression?,Polynomial regression can handle categorical variables.,Polynomial regression only works with two variables.,Polynomial regression fits a curve to the data instead of a straight line.,Polynomial regression always has a higher R-squared value than linear regression.,C,Polynomial regression fits a curve to the data instead of a straight line.,,16
193,5,Unit-5,mcq,1,When would you choose polynomial regression over linear regression?,When there is a linear relationship between variables.,When the data points exhibit a non-linear pattern.,When dealing with categorical variables.,When the dataset contains missing values.,B,When the data points exhibit a non-linear pattern.,,16
194,5,Unit-5,mcq,1,Match the following concepts/methods in regression with their correct descriptions:,"A-2,B-3,C-1,D-4,E-5,F-7,G-6","A-5,B-2,C-3,D-1,E-7,F-4,G-6","A-5,B-3,C-2,D-4,E-1,F-7,G-6","A-2,B-3,C-4,D-1,E-7,F-6,G-5",A,"A-2,B-3,C-1,D-4,E-5,F-7,G-6",images/Python-2_Practice_Book_2025/q_194_1.png,16
195,5,Unit-5,descriptive,5,"For x = np.array([5, 15, 25, 35, 45, 55]) and y = np.array([5, 20, 14, 32, 22, 38]), apply simple linear regression using scikit learn library and calculate calculate R squared, coeficient and intercept. Predict the y values for x = np.arange(5). (Don't split data for training/testing)",,,,,,,,16
196,5,Unit-5,descriptive,5,"Given a dataset with 'SAT' scores as independent variables and 'GPA' as the dependent variable, calculate R squared, coeficient and intercept using linear regression and scikitlearn library. (Don't split data for training/testing)",,,,,,,,16
197,5,Unit-5,descriptive,5,"Given a real estate price size year dataset, implement multiple linear regression using scikitlearn library. Using the model, make a prediction about an apartment price with size 750 sq.ft. for 2009.Also Calculate R squared, coeficient and intercept. (Don't split data for training/testing)",,,,,,,,16
198,5,Unit-5,descriptive,5,Predict salary based on job position of 6.5 using polynomial regression with a degree of 3 and scikit learn library for the given 'PositionSalaries.csv' dataset. (Don't split data for training/testing) _,,,,,,,,16
199,5,Unit-5,descriptive,5,"For x = np.arange(0, 30) and y = np.array([3, 4, 5, 7, 10, 8, 9, 10, 10, 23, 27, 44, 50, 63, 67, 60, 62, 70, 75, 88, 81, 87, 95, 100, 108, 135, 151, 160, 169, 179]), apply polynomial regression using scikit learn library and calculate R squared, coeficient and intercept. Predict the y values for x = np.arange(5). (Don't split data for training/testing)",,,,,,,,16
200,5,Unit-5,descriptive,3,"Write a program to make a model based on linear regression for the following dataframe created from a csv file named ""Package.csv"" of x and y which follows equation y = a + bx. Write a program which can predict value of y based on any value of x, also write code to find value of a and b in above equation. Given Data in csv file:",,,,,,,,16
201,5,Unit-5,descriptive,3,"Write a program to make a model based on linear regression for the following dataframe created from a csv file named ""data.csv"" of x1 and y which follows equation y = a+bx1. Write a program which can predict value of y based on any value of x, also write code to find value of a and b in above equation. Given Data in csv file:",,,,,,,images/Python-2_Practice_Book_2025/q_201_1.png,17
202,5,Unit-5,descriptive,4,"Write a program to create a Model using linear regression to predict the price of house using the csv file provided named ""Housing.csv"". Do the required process in the data before making a model. Find predicted values, co- efficients, intercept and mean squared error. https://github.com/pdsinroza/python2/blob/39b36bf2f0121910fd1207952aa0ec20b2d77cfb/housing.csv",,,,,,,,17
203,5,Unit-5,descriptive,4,"Write a program to create a Model using linear regression to predict the student scores using the csv file provided named ""student scores.csv"". Do the required process in the data before making a model. Find predicted values, co- _ efficients, intercept and mean squared error. https://github.com/pdsinroza/python2/blob/695586ff85947e2ff727385ce208322f5b29de08/student scores.csv _",,,,,,,,17
204,5,Unit-5,descriptive,4,"Write a program to create a Model using linear regression to predict the gas consumption using the csv file provided named ""petrol consumption.csv"". Do the required process in the data before making a model. Find predicted values, _ co-efficients, intercept and mean squared error. https://github.com/pdsinroza/python2/blob/f4711a48cc10c84c9892b96900760848e1c1fdf0/petrol consumption.csv _",,,,,,,,17
205,5,Unit-5,descriptive,5,"Write a program to create a Model using linear regression to predict the gas consumption using the csv file provided named ""FuelConsumptionCo2.csv"". Do the required process in the data before making a model. Find predicted values, co-efficients, intercept and mean squared error. (Wherever required remove null values, convert categorical data into numeric data) (Print Output wherever required)",,,,,,,,17
206,5,Unit-5,descriptive,5,"For the given RealEstate csv, write a python program satisfying following tasks to demonstrate application of machine learning through multiple linear regression as follows – Given: - Dataset RealEstate.csv ML Library to be used scikit-learn Dependent variable 'Y house price of unit area' Independent variables 'X1 transaction date', 'X2 house age', 'X3 distance to the nearest MRT station', 'X4 number of convenience stores', 'X5 latitude' and 'X6 longitude'
1. Import required libraries.
2. Load RealEstate dataset, create a dataframe and check datatypes of its attributes using appropriate method.
3. Remove 'No' column from the dataframe.
4. Check for any null values in features using appropriate method.
5. Create feature variables x and y as given above.
6. Create training and testing sets of feature variables with 70% of data for training and with random state of 110.
7. Create and fit regression model using appropriate method.
8. Use testing set created in step 6 to find and print the prediction of the outcome.
9. Find and print coefficient and mean squared error of the regression model.",,,,,,,,18
207,5,Unit-5,descriptive,5,"Write a program to create a Model using linear regression to predict the charges of insurance using the csv file provided named ""insurance.csv"". Do the required process in the data before making a model. Find predicted values, co-efficients, intercept and mean squared error.",,,,,,,,18
208,5,Unit-5,descriptive,5,"Write a program to create a Model using linear regression to predict the wine quality using the csv file provided named ""winequality.csv"". Do the required process in the data before making a model. If you find any null value in ""winequality.csv"" then replace null value with mean value of respected columns. Find co-efficient, intercept and mean squared error. also Predict the quality of red wine for the following data: fixed acidity: 8 volaƟle acidity: 0.4 citric acid: 0.40 residual sugar: 15 chlorides: 0.048 free sulfur dioxide: 40 total sulfur dioxide: 150 density: 0.99 pH: 3 sulphates: 0.45 alcohol: 10.5",,,,,,,,18
209,5,Unit-5,descriptive,4,"Consider variables x and y created from a pandas dataframe ""car.csv"" . Create new column named ""Agecar"" (Agecar=2023-year) _ _ For multiple linear regression problem, x contains the independent variables ( Agecar , Drivenkms , FuelType , Sellingtype , _ _ _ _ Transmission ) and y contains the dependent (SellingPrice) variable which is to be predicted. _ Write a Python program to spilt x and y into training and testing datasets with a 20% split. Then create a multiple linear regression model using the training data and print its coefficients ,intercept and mean squared error.",,,,,,,,18
210,6,Unit-6,mcq,1,What does kNN stand for?,K-Neural Networks,K-Means Neighbours,k Nearest Neighbours,K-Cluster Neighbours,C,k Nearest Neighbours,,18
211,6,Unit-6,mcq,1,"In the context of kNN, what does 'distance' refer to?",Geographical distance,Difference in attribute values,Time difference,None of these,B,Difference in attribute values,,18
212,6,Unit-6,mcq,1,What is the main advantage of kNN?,No assumptions about data,Makes assumptions about data,Prone to overfitting,None of these,A,No assumptions about data,,18
213,6,Unit-6,mcq,1,What is the main disadvantage of kNN?,No assumptions about data,Sensitive to irrelevant features and the scale of the data,Not prone to overfitting,None of these,B,Sensitive to irrelevant features and the scale of the data,,18
214,6,Unit-6,mcq,1,What does kNN use to make decisions?,Splitting criteria like entropy or gini index,Distance measures like Euclidean or Manhattan,Similarity measures like cosine similarity,None of these,B,Distance measures like Euclidean or Manhattan,,18
215,6,Unit-6,mcq,1,What does the following code snippet represent? from sklearn.neighbors import KNeighborsClassifier knn = KNeighborsClassifier(nneighbors=5) _,Training a decision tree classifier,Initializing a kNN classifier,Implementing logistic regression,Initializing a random forest classifier,B,Initializing a kNN classifier,,18
216,6,Unit-6,mcq,1,"What does the following code snippet accomplish? from sklearn.modelselection import traintestsplit _ _ _ from sklearn.neighbors import KNeighborsClassifier Xtrain, Xtest, ytrain, ytest = traintestsplit(features, labels, testsize=0.3, randomstate=42) _ _ _ _ _ _ _ _ knn = KNeighborsClassifier(nneighbors=5) _ knn.fit(Xtrain, ytrain) _ _ predictedlabels = knn.predict(Xtest) _ _",Initializes a kNN classifier with 5 neighbors and trains it on the entire dataset,"Splits the dataset into training and testing sets, initializes a kNN classifier with 5 neighbors, and trains it on the training set",Trains a decision tree classifier with Gini index as the criterion,Initializes a logistic regression classifier and evaluates its performance on the test set,B,"Splits the dataset into training and testing sets, initializes a kNN classifier with 5 neighbors, and trains it on the training set",,19
217,6,Unit-6,mcq,1,What class from scikit-learn is used to create a KNN classifier?,KNeighborsRegressor(),KNeighborsClassifier(),knnclassify() _,nearestneighbors() _,B,KNeighborsClassifier(),,19
218,6,Unit-6,mcq,1,What metric is used by default in KNeighborsClassifier() to calculate distance between data points?,Manhattan distance,Chebyshev distance,Euclidean distance,Jaccard similarity,C,Euclidean distance,,19
219,6,Unit-6,mcq,1,What is the primary task of the k-Nearest Neighbors algorithm?,Classification,Regression,Clustering,Dimensionality reduction,A,Classification,,19
220,6,Unit-6,mcq,1,"In kNN, the value of k represents:",The number of features in the dataset,The number of clusters in the dataset,The number of nearest neighbors to consider,The number of classes in the dataset,C,The number of nearest neighbors to consider,,19
221,6,Unit-6,mcq,1,"What does the ""fit"" method in scikit-learn's KNeighborsClassifier class do?",Trains the model,Evaluates the model,Preprocesses the data,Visualizes the data,A,Trains the model,,19
222,6,Unit-6,mcq,1,Which parameter of the KNeighborsClassifier determines the number of neighbors to consider?,neighbors,kvalue _,kneighbors _,nneighbors _,D,nneighbors _,,19
223,6,Unit-6,mcq,1,Which of the following scenarios is an example where K-Nearest Neighbors (KNN) algorithm is not suitable?,Image classification with high- resolution images.,Fraud detection in credit card transactions.,Sentiment analysis of text data.,Speech recognition for voice commands.,A,Image classification with high- resolution images.,,19
224,6,Unit-6,mcq,1,What is the primary criterion for a decision tree using entropy?,Information Gain,Gini Index,Chi-Square,Reduction in Variance,A,Information Gain,,19
225,6,Unit-6,mcq,1,What is entropy in the context of a decision tree?,A measure of impurity or disorder,A measure of similarity,A measure of distance,A measure of impurity or disorder,D,A measure of impurity or disorder,,19
226,6,Unit-6,mcq,1,What does a decision tree do?,It makes decisions,It predicts continuous outcomes,It classifies data into different classes,None of these,C,It classifies data into different classes,,19
227,6,Unit-6,mcq,1,What is the disadvantage of a decision tree?,Prone to overfitting,Prone to underfitting,Not sensitive to outliers,None of these,A,Prone to overfitting,,19
228,6,Unit-6,mcq,1,What does a decision tree use to make decisions?,Splitting criteria like entropy or gini index,Distance measures like Euclidean or Manhattan,Similarity measures like cosine similarity,None of these,A,Splitting criteria like entropy or gini index,,19
229,6,Unit-6,mcq,1,What is the primary task of the Decision Tree algorithm?,Classification,Regression,Clustering,Dimensionality reduction,A,Classification,,19
230,6,Unit-6,mcq,1,Which of the following measures is used to quantify the randomness in a decision tree?,Variance,Entropy,Standard Deviation,Mean Absolute Error,B,Entropy,,19
231,6,Unit-6,mcq,1,What is the purpose of the following code snippet? from sklearn.tree import DecisionTreeClassifier dtclassifier = DecisionTreeClassifier(criterion='entropy') _,Initializing a decision tree classifier with Gini index,Initializing a kNN classifier with Euclidean distance,Initializing a decision tree classifier with entropy as the criterion,Initializing a logistic regression classifier,C,Initializing a decision tree classifier with entropy as the criterion,,19
232,6,Unit-6,mcq,1,How is accuracy calculated in the context of a confusion matrix?,(True Positives + True Negatives) / Total Predictions,True Positives / (True Positives + False Positives),(True Positives + True Negatives) / Total Actual Positives,True Negatives / (True Negatives + False Negatives),A,(True Positives + True Negatives) / Total Predictions,,19
233,6,Unit-6,mcq,1,Which metric from the confusion matrix reflects the proportion of correctly classified negative instances?,Accuracy,Sensitivity,Specificity,Error Rate,C,Specificity,,19
234,6,Unit-6,mcq,1,Which metric from the confusion matrix focuses on the ability of the model to correctly identify positive instances?,Accuracy,Sensitivity,Specificity,Error Rate,B,Sensitivity,,19
235,6,Unit-6,mcq,1,Which of the following best describes sensitivity?,Proportion of correctly classified positive instances,Proportion of correctly classified negative instances,Proportion of incorrectly classified positive instances,Proportion of incorrectly classified negative instances,A,Proportion of correctly classified positive instances,,19
236,6,Unit-6,mcq,1,How is specificity calculated in the context of a confusion matrix?,True Negatives / (True Negatives + False Positives),True Positives / (True Positives + False Negatives),(True Positives + True Negatives) / Total Actual Positives,(True Positives + True Negatives) / Total Predictions,A,True Negatives / (True Negatives + False Positives),,19
237,6,Unit-6,mcq,1,How is the error rate calculated from a confusion matrix?,True Negatives / (True Negatives + False Positives),(True Positives + True Negatives) / Total Actual Positives,True Positives / (True Positives + False Negatives),(False Positives + False Negatives) / Total Predictions,D,(False Positives + False Negatives) / Total Predictions,,19
238,6,Unit-6,mcq,1,Which metric from the confusion matrix focuses on the ability of the model to correctly identify negative instances?,Accuracy,Sensitivity,Specificity,Error Rate,C,Specificity,,19
239,6,Unit-6,mcq,1,How is specificity calculated in the context of a confusion matrix?,True Negatives / (True Negatives + False Positives),True Positives / (True Positives + False Negatives),(True Positives + True Negatives) / Total Actual Positives,(True Positives + True Negatives) / Total Predictions,A,True Negatives / (True Negatives + False Positives),,19
240,6,Unit-6,mcq,1,"What is the purpose of the following code snippet? from sklearn.metrics import confusionmatrix _ confmatrix = confusionmatrix(truelabels, predictedlabels) _ _ _ _",Evaluating the confusion matrix,Training a decision tree classifier,Implementing kNN algorithm,Tuning hyperparameters for a random forest classifier,A,Evaluating the confusion matrix,,19
241,6,Unit-6,mcq,1,"What does the following code snippet accomplish? print( confmatrix[0, 0] / (confmatrix[0, 0] + confmatrix[0, 1])) _ _ _",Calculating the sensitivity of the classifier,Calculating the specificity of the classifier,Evaluating the F1 score,Printing the accuracy score of the model,B,Calculating the specificity of the classifier,,19
242,6,Unit-6,mcq,1,"What is the purpose of the following code snippet? from sklearn.tree import DecisionTreeClassifier from sklearn.metrics import confusionmatrix _ dtclassifier = DecisionTreeClassifier(criterion='entropy') _ dtclassifier.fit(Xtrain, ytrain) _ _ _ predictedlabels = dtclassifier.predict(Xtest) _ _ _ confmatrix = confusionmatrix(ytest, predictedlabels) _ _ _ _",Initializes a decision tree classifier with entropy as the criterion and evaluates its performance using a confusion matrix,Initializes a kNN classifier with 3 neighbors and evaluates its performance using a confusion matrix,Initializes a logistic regression classifier and evaluates its performance using a confusion matrix,Trains a random forest classifier and evaluates its performance using a confusion matrix,A,Initializes a decision tree classifier with entropy as the criterion and evaluates its performance using a confusion matrix,,19
243,6,Unit-6,descriptive,4,Write Python code to train a kNN classifier using the following steps: Split the dataset X into training and testing sets with a test size of 0.3 and a random state of 42. Initialize a kNN classifier with 5 neighbors. Train the classifier on the training set. Make predictions on the test set. Calculate and print the accuracy score of the classifier.,,,,,,,,20
244,6,Unit-6,descriptive,3,Write Python code to train a decision tree classifier with entropy as the criterion using the following steps: Initialize a Decision Tree classifier with entropy as the criterion. Train the classifier on the training set. Make predictions on the test set. Calculate and print the confusion matrix for the classifier.,,,,,,,,20
245,6,Unit-6,descriptive,4,Write Python code to evaluate the performance of a classification model using the following steps: Import the necessary functions from sklearn.metrics. Calculate and print the classification report for the true labels and predicted labels. Calculate and print the accuracy score of the classifier.,,,,,,,,20
246,6,Unit-6,descriptive,4,"Using the Iris dataset (https://raw.githubusercontent.com/pdsinroza/python2/main/Iris.csv?token=GHSAT0AAAAAACQ7ZNWMQ3U6FOFL37O2JIPAZ Q5CWZA), write Python code to perform the following tasks: Split the dataset into features (X) and labels (y). Split the features and labels into training and testing sets with a test size of 0.2 and a random state of 42. Initialize a kNN classifier with 3 neighbors. Train the classifier on the training set. Make predictions on the test set. Calculate and print the accuracy score of the classifier.",,,,,,,,20
247,6,Unit-6,descriptive,7,"You are tasked with using the k-Nearest Neighbors (kNN) algorithm to classify whether patients have diabetes or not based on certain diagnostic measurements. You have been provided with diabetes.csv file. The datasets consist of several medical predictor (independent) variables and one target (dependent) variable, Outcome. Independent variables include the number of pregnancies the patient has had, their BMI, insulin level, age, and so on. Also perform Model Performance Analysis using confusion matrix.",,,,,,,,20
248,6,Unit-6,descriptive,5,"Given the Breast Cancer Wisconsin (Diagnostic) dataset, the objective is to build a kNN classification model that accurately predicts whether a tumor is benign or malignant based on the diagnostic features provided. The model should be trained on a portion of the dataset and evaluated on another portion to assess its performance. The ultimate goal is to create a reliable classifier that can assist healthcare professionals in diagnosing breast cancer accurately and early. Use cancer.csv file for dataset.",,,,,,,,20
249,6,Unit-6,descriptive,5,"Given the credit card transaction dataset, the objective is to build a kNN classification model that accurately predicts whether a transaction is fraudulent or non-fraudulent based on the transaction features provided. The model should be trained on historical transaction data and evaluated on another portion of the dataset to assess its performance. The ultimate goal is to create a reliable classifier that can automatically detect fraudulent transactions and prevent financial losses for credit card companies and cardholders. Use cardtransdata.csv for dataset. _",,,,,,,,20
250,6,Unit-6,descriptive,5,"The task involves building a k-Nearest Neighbors (kNN) regression model to predict the Air Quality Index (AQI) based on the latitude and longitude coordinates of various countries. The dataset used for this task contains information about the AQI levels and geographic locations (latitude and longitude) of different countries. The AQI serves as an indicator of air quality, with higher values indicating poorer air quality and vice versa. Use AQI and Lat Long of Countries.csv for dataset.",,,,,,,,20
251,6,Unit-6,descriptive,6,"The task involves building a Decision Tree classifier to predict whether to play tennis based on weather conditions. The dataset used for this task is the PlayTennis dataset, which contains information about various weather attributes such as outlook, temperature, humidity, and wind, along with the corresponding decision to play tennis or not. Use PlayTennis.csv for dataset.",,,,,,,,20
252,6,Unit-6,descriptive,7,"Imagine that you are a medical researcher compiling data for a study. You have collected data about a set of patients, all of whom suffered from the same illness. During their course of treatment, each patient responded to one of 5 medications, Drug A, Drug B, Drug c, Drug x and y. Part of your job is to build a model to find out which drug might be appropriate for a future patient with the same illness. The feature sets of this dataset are Age, Sex, Blood Pressure, and Cholesterol of patients, and the target is the drug that each patient responded to. It is a sample of multiclass classifier, and you can use the training part of the dataset to build a decision tree, and then use it to predict the class of a unknown patient, or to prescribe it to a new patient. Use drug200.csv for dataset.",,,,,,,,21
253,6,Unit-6,descriptive,9,"You have been provided with a dataset named studentsperformance.csv, which contains various features related to students' _ performance in exams. The dataset includes features such as gender, race/ethnicity, parental level of education, lunch, test preparation course, and scores in math, reading, and writing. Your task is to perform classification to predict whether a student will pass or fail based on these features. Steps to complete:
1.Load the Dataset: oLoad the dataset studentsperformance.csv into a pandas DataFrame. _ oDisplay the first few rows to understand the structure of the dataset and check the staƟsƟcs.
2.Preprocessing: oConvert the scores in math, reading, and wriƟng to a binary pass/fail label. Consider a score of 50 or above as pass(1) and below 50 as fail(0). oDrop the scores in math, reading, and wriƟng. oCreate a new Column named 'OverallPass' and create a binary label: pass(1) if Student passes all heads (math, reading, and _ writing) and fail(0) if student has failed in even one head. oEncode categorical variables (gender, race/ethnicity, parental level of educaƟon, lunch, test preparaƟon course) using one- hot encoding. oHandle any missing values if present. oSplit the dataset into features (x) and target (y) where the target is the pass/fail label for the math pass. oSplit the data into training (80%) sets using random state 10.
3.KNN ClassificaƟon: oImplement the KNN classifier. oFind the opƟmal number of neighbors (k) based on the accuracy of the model. oEvaluate the model on the tesƟng set using accuracy, sensiƟvity, and specificity.
4.Decision Tree ClassificaƟon: oImplement the Decision Tree classifier. oFind the opƟmal hyperparameters such as maxdepth. _ oEvaluate the model on the tesƟng set using accuracy, sensiƟvity, and specificity.
5.Comparison and Conclusion: oCompare the performance of the KNN and Decision Tree classifiers based on the evaluaƟon metrics. oDetermine which model performs beƩer for this dataset. oPlot the evaluaƟon metrics comparison for both the models.",,,,,,,,21
254,7,Unit-7,mcq,1,Which of the following is the correct syntax for training a Keras model?,"model.train(Xtrain, ytrain, _ _ epochs=10, batchsize=32) _","model.fit(Xtrain, ytrain, _ _ epochs=10, batchsize=32) _","model.trainondata(Xtrain, _ _ _ ytrain, epochs=10, _ batchsize=32) _","model.fitdata(Xtrain, ytrain, _ _ _ epochs=10, batchsize=32) _",B,"model.fit(Xtrain, ytrain, _ _ epochs=10, batchsize=32) _",,21
255,7,Unit-7,mcq,1,Which of the following is a way to prevent overfitting in a Keras model?,Adding more layers,Increasing the learning rate,Decreasing the batch size,Adding dropout layers,D,Adding dropout layers,,21
256,7,Unit-7,mcq,1,Which of the following Keras layers can be used for image classification tasks?,Conv2D,LSTM,Dense,Dropout,A,Conv2D,,21
257,7,Unit-7,mcq,1,What is the primary purpose of a Convolutional Neural Network (CNN)?,Object detection,Image classification,Text generation,Reinforcement learning,B,Image classification,,21
258,7,Unit-7,mcq,1,Which layer type is typically used to extract local features in a CNN?,Convolutional layer,Pooling layer,Fully connected layer,Activation layer,A,Convolutional layer,,21
259,7,Unit-7,mcq,1,Which activation function is commonly used in the convolutional layers of a CNN?,ReLU (Rectified Linear Unit),Sigmoid,Tanh (Hyperbolic Tangent),Softmax,A,ReLU (Rectified Linear Unit),,21
260,7,Unit-7,mcq,1,What is the purpose of the stride parameter in a convolutional layer?,To control the step size of the convolution operation,To determine the size of the receptive field,To adjust the learning rate during training,None of the above,A,To control the step size of the convolution operation,,21
261,7,Unit-7,mcq,1,Which layer type is used to reduce the spatial dimensions in a CNN?,Convolutional layer,Pooling layer,Fully connected layer,Activation layer,B,Pooling layer,,21
262,7,Unit-7,mcq,1,Which layer type is responsible for applying non-linear transformations to the feature maps in a CNN?,Convolutional layer,Pooling layer,Fully connected layer,Activation layer,D,Activation layer,,21
263,7,Unit-7,mcq,1,"If I put a dropout parameter of 0.2, how many nodes will I lose?",20% of them,2% of them,20% of the untrained ones,2% of the untrained ones,A,20% of them,,21
264,7,Unit-7,mcq,1,"If my data is sized 150×150, and I use Pooling of size 2×2, what size will the resulting image be?",300×300,148x148,149x149,75x75,D,75x75,,21
265,7,Unit-7,mcq,1,"If my Image is sized 150×150, and I pass a 3×3 Convolution over it, what size is the resulting image?",148x148,150x150,153x153,450x450,A,148x148,,21
266,7,Unit-7,mcq,1,"When exploring the graphs, the loss levelled out at about .75 after 2 epochs, but the accuracy climbed close to 1.0 after 15 epochs. What's the significance of this?","There was no point training after 2 epochs, as we overfit to the validation data","There was no point training after 2 epochs, as we overfit to the training data",A bigger training set would give us better validation accuracy,A bigger validation set would give us better training accuracy,B,"There was no point training after 2 epochs, as we overfit to the training data",,21
267,7,Unit-7,mcq,1,Which is the correct line of code for adding Dropout of 20% of neurons using TensorFlow,tf.keras.layers.Dropout(20),tf.keras.layers.DropoutNeurons (20),tf.keras.layers.Dropout(0.2),tf.keras.layers.DropoutNeurons (0.2),C,tf.keras.layers.Dropout(0.2),,21
268,7,Unit-7,mcq,1,Which of the following layers in Keras is used for flattening the input?,Flatten layer,Dropout layer,Pooling layer,Permute layer,A,Flatten layer,,21
269,7,Unit-7,descriptive,9,"the Fashion MNIST dataset which contains 70,000 grayscale images in 10 categories. The images show individual articles of clothing at low resolution (28 by 28 pixels). Fashion MNIST is intended as a drop-in replacement for the classic MNIST dataset—often used as the ""Hello, World"" of machine learning programs for computer vision. The MNIST dataset contains images of handwritten digits (0, 1, 2, etc.) in a format identical to that of the articles of clothing you'll use here. This guide uses Fashion MNIST for variety, and because it's a slightly more challenging problem than regular MNIST. Both datasets are relatively small and are used to verify that an algorithm works as expected. Here, 60,000 images are used to train the network and 10,000 images to evaluate how accurately the network learned to classify images. You can access the Fashion MNIST directly from TensorFlow. Import and load the Fashion MNIST data directly from TensorFlow. Train the data and predict the results along with accuracy using deep learning",,,,,,,,22
270,7,Unit-7,descriptive,9,"Rock Paper Scissors contains images from various hands, from different races, ages, and genders, posed into Rock / Paper or Scissors and labeled as such. You can download the training set here and the test set from github. I also generated a few pictures that you can use for predictions. You can find them here. Note that all of these pictures use a plain white background. Each image is 300×300 pixels in 24-bit color. Train the data and predict the results along with accuracy using deep learning",,,,,,,,22
271,7,Unit-7,descriptive,9,"This Data contains around 25k images of size 150x150 distributed under 6 categories. {'buildings' -> 0, 'forest' -> 1, 'glacier' -> 2, 'mountain' -> 3, 'sea' -> 4, 'street' -> 5 } The Train, Test and Prediction data is separated in each zip files. There are around 14k images in Train, 3k in Test and 7k in Prediction. Train the data and predict the results along with accuracy using deep learning",,,,,,,,22
272,7,Unit-7,descriptive,9,"The American Sign Language alphabet contains 26 letters. Two of those letters (j and z) require movement, so they are not included in the training dataset. Train the data and predict the results along with accuracy using deep learning and CNN",,,,,,,,22
273,7,Unit-7,descriptive,9,"The accurate image classification of the MNIST dataset, a collection of 70,000 grayscale images of handwritten digits from 0 to 9, was a major development. While today the problem is considered trivial, doing image classification with MNIST has become a kind of ""Hello World"" for deep learning. Train the data and predict the results along with accuracy using deep learning",,,,,,,,22
274,7,Unit-7,descriptive,4,"You are required to write a Python program to implement a Convolutional Neural Network (CNN) using TensorFlow and Keras. Assume that the data preprocessing is already completed, and you have training and validation datasets ready to use. Your task is to create the CNN model, apply the necessary layers with specified parameters, compile the model, and fit it to the data. Follow the steps and specifications provided below: •E xample of the Training and ValidaƟon datasets: Assuming xtrain, ytrain, xvalid, yvalid are already defined _ _ _ _ xtrain and xvalid are the image data _ _ ytrain and yvalid are the encoded labels of output data (converted into categorical data) _ _ • Import the necessary libraries. • Create a CNN model. • Add the layers to the model as specified: •F irst ConvoluƟonal Layer: oFilters: 75, Kernel Size: (3, 3), AcƟvaƟon: ReLU oInput Shape: (28, 28, 1) (assuming the images are 28x28 pixels with 1 color channels) •B atch NormalizaƟon Layer •M ax Pooling Layer: Pool Size: (2, 2) •S econd ConvoluƟonal Layer: oFilters: 50 oKernel Size: (3, 3) oAcƟvaƟon: ReLU •B atch NormalizaƟon Layer •M ax Pooling Layer: Pool Size: (2, 2) •D ropout Layer: Rate: 0.25",,,,,,,,22
275,8,Unit-8,mcq,1,What protocol can be used to retrieve web pages using python?,urllib,bs4,HTTP,GET,C,HTTP,,23
276,8,Unit-8,mcq,1,What provides two way communication between two different programs in a network.,socket,port,http,protocol,A,socket,,23
277,8,Unit-8,mcq,1,Which method of the socket module allows a server socket to accept requests from a client socket from another host?,socket.accept(),socket.sendto(address),socket.acceptsocket,accept.socket(),A,socket.accept(),,23
278,8,Unit-8,mcq,1,Which method of the socket module allows you to send data to a given address?,"socket.sendto(address, data)",socket.address(),"socket.sendto(data, address)",socket.data,C,"socket.sendto(data, address)",,23
279,8,Unit-8,mcq,1,Which method of the socket module allows you to associate a host and a port with a specific socket?,The socket.sendto(PORT) method,"The bind(IP,PORT) method","The bind(PORT,IP) method",The socket.accept(PORT) method,B,"The bind(IP,PORT) method",,23
280,8,Unit-8,mcq,1,What is the difference between the TCP and UDP protocols?,"TCP is compatible with Python, while UDP is not",There are no differences,"TCP is not connection-oriented, while UDP is","TCP is connection-oriented, while UDP is not",D,"TCP is connection-oriented, while UDP is not",,23
281,8,Unit-8,mcq,1,Which function is used to create the socket object?,socket(),bind(),listen(),accept(),A,socket(),,23
282,8,Unit-8,mcq,1,Which function is used to bind-address to the socket? It takes two arguments hostname and port number.,socket(),bind(),listen(),accept(),B,bind(),,23
283,8,Unit-8,mcq,1,Which function is used to establish and start the TCP listener?,socket(),bind(),listen(),accept(),C,listen(),,23
284,8,Unit-8,mcq,1,Which function is used to send the UDP messages?,sendto(),send(),recv(),recvfrom(),A,sendto(),,23
285,8,Unit-8,mcq,1,Which function is used to send the TCP messages?,sendto(),send(),recv(),recvfrom(),B,send(),,23
286,8,Unit-8,mcq,1,Which function is used to receive the TCP messages?,sendto(),send(),recv(),recvfrom(),C,recv(),,23
287,8,Unit-8,mcq,1,Which module in Python is used for working with sockets?,api,requests,json,socket,D,socket,,23
288,8,Unit-8,mcq,1,Which of the following needs to passed as an argument in connect() function for connecting client to server?,host,port,"(host , port)",(host),C,"(host , port)",,23
289,8,Unit-8,mcq,1,Which function is used to close a socket.?,socket(),bind(),listen(),close(),D,close(),,23
290,8,Unit-8,mcq,1,Which function is used to receive the UDP messages?,sendto(),send(),recv(),recvfrom(),D,recvfrom(),,23
291,8,Unit-8,mcq,1,Which of the following libraries is used to parse data received from Open Weather Map API?,api,request,requests,json,D,json,,23
292,8,Unit-8,mcq,1,What method in Beautiful Soup is used to find the first occurrence of a particular HTML element?,findparent() _,find(),select(),gettext() _,B,find(),,23
293,8,Unit-8,mcq,1,What method in Beautiful Soup is used to find the ALL occurrence of a particular HTML element?,findparent() _,findall() _,select(),gettext() _,B,findall() _,,23
294,8,Unit-8,mcq,1,how does one get the first header 1 tag after creating a soup object?,soup.h1,soup.header1,soup.h1[0],soup.h1[1],A,soup.h1,,23
295,8,Unit-8,mcq,1,Which of the following finds all link tags?,alllinks = soup.find('a') _,alllinks = soup.findall('a') _,alllinks = soup.findall('link') _,alllinks = soup.findall('a') _ _,D,alllinks = soup.findall('a') _ _,,23
296,8,Unit-8,mcq,1,Which format is constructed by nesting python dictionaries and lists as needed.,JSON,HTTP,HTML,XML,A,JSON,,23
297,8,Unit-8,mcq,1,"which function formats the Beautiful Soup parsed data, so that there each tag is on its own separate line with indentation.",prettify(),beutify(),dump(),dumpS(),A,prettify(),,23
298,8,Unit-8,mcq,1,Which of the function of json library is used to print a json file with required indent?,dummy(),dumps(),dummys(),dump(),B,dumps(),,23
299,8,Unit-8,mcq,1,Which of the following libraries is used to get response using api key from Open Weather Map api?,api,requests,json,socket,B,requests,,23
300,8,Unit-8,mcq,1,How can you extract the text content of an HTML element using BeautifulSoup?,gettext() _,getcontent _,textcontent _,extracttext() _,A,gettext() _,,23
301,8,Unit-8,mcq,1,"What will be output of following code? from bs4 import BeautifulSoup htmldoc = """""" _ <html> <head> <meta http-equiv=""Content-Type"" content=""text/html; charset=iso-8859-1""> <title>An example of HTML page</title> </head> <body> <h2>This is an example HTML page</h2> <p> This is Python Tutorial for Beautiful Soup</p> <p><a href=""https://www.google.com/html/HTML-tutorials.php"">Learn HTML</a></p> <p><a href=""https://www.google.com/css/CSS-tutorials.php"">Learn CSS</a></p> </body> </html> """""" soup = BeautifulSoup(htmldoc, 'html.parser') _ print(soup.find('p').find('a')['href'])","<a href=""https://www.google.com /html/HTML- tutorials.php"">Learn HTML</a>",https://www.google.com/html /HTML-tutorials.php,<p>This is Python Tutorial for Beautiful Soup</p>,Error,D,Error,,24
302,8,Unit-8,mcq,1,"What will be output of following code? from bs4 import BeautifulSoup htmldoc = """""" _ <html> <head> <meta http-equiv=""Content-Type"" content=""text/html; charset=iso-8859-1""> <title>An example of HTML page</title> </head> <body> <h2>This is an example HTML page</h2> <p> This is Python Tutorial for Beautiful Soup</p> <p><a href=""https://www.google.com/html/HTML-tutorials.php"">Learn HTML</a></p> <p><a href=""https://www.google.com/css/CSS-tutorials.php"">Learn CSS</a></p> </body> </html> """""" soup = BeautifulSoup(htmldoc, 'html.parser') _ print(soup.find('body').findall('p')[1].gettext()) _ _",Learn CSS,This is Python Tutorial for Beautiful Soup,Learn HTML,Error,C,Learn HTML,,24
303,8,Unit-8,mcq,1,Which of the following function is used to send data from client to server when socket type is SOCKDGRAM? _,send(),sendto(),get(),getfrom(),B,sendto(),,24
304,8,Unit-8,mcq,1,"What does the below code snippet do? import socket def establishconnection(): _ serveraddress = ('127.0.0.1', 8000) _ clientsocket = socket.socket(socket.SOCKSTREAM) _ _ clientsocket.bind(('127.0.0.1', 8080)) _ clientsocket.listen(1) _ connection, address = clientsocket.accept() _ clientsocket.close() _ establishconnection() _",Binds the client socket to address '127.0.0.1' and port 8080,Listens for incoming connections on address '127.0.0.1' and port 8080,Accepts a connection from a client and returns the connection object and client address,All of these,D,All of these,,24
305,8,Unit-8,mcq,1,"When scraping a website, you come across the following error: ""HTTP Error 403: Forbidden"". Which of the following could be the cause of this error?",The website has implemented measures to block web scraping activities,The website's server is temporarily down,"The website's HTML structure has changed, causing the scraping script to fail",None of these,A,The website has implemented measures to block web scraping activities,,24
306,8,Unit-8,mcq,1,What is the default encoding of encode() function in python.,utf-8,utf-64,xml,utf-32,A,utf-8,,24
307,8,Unit-8,mcq,1,How can you extract the value of the href attribute from a link (<a> tag) using Beautiful Soup?,link.Collect ['href'],link.get('href'),link.href,link['href'],B,link.get('href'),,25
308,8,Unit-8,mcq,1,Find the correct syntax code from following codes.,"import bs4 import requests url = 'https://indianexpress.com/' source = requests.get(url).text soup = bs4.BeautifulSoup(source,'html .parser') print(soup.prettify())","import bs4 import requests url = 'https://indianexpress.com/' source = requests.get(url).text soup = BeautifulSoup(source,'html.par ser') print(soup.prettify())","import requests url = 'https://indianexpress.com/' source = requests.get(url).text soup = bs4.BeautifulSoup(source,'html .parser') print(soup.prettify())","import bs4 import requests url = 'https://indianexpress.com/' source = requests(url).text soup = bs4.BeautifulSoup(soup,'html.p arser') print(soup.prettify())",A,"import bs4 import requests url = 'https://indianexpress.com/' source = requests.get(url).text soup = bs4.BeautifulSoup(source,'html .parser') print(soup.prettify())",,25
309,8,Unit-8,descriptive,3,write a python program to build a udp server side program,,,,,,,,25
310,8,Unit-8,descriptive,3,write a Python program to build a tcp server-side program,,,,,,,,25
311,8,Unit-8,descriptive,3,write a Python program to build a UDP client-side program,,,,,,,,25
312,8,Unit-8,descriptive,3,write a Python program to build a TCP client-side program,,,,,,,,25
313,8,Unit-8,descriptive,4,Write a Python program to build a UDP localhost host server that accepts a number from clients and returns the cube of that number to the client.,,,,,,,,25
314,8,Unit-8,descriptive,4,Write a Python program to build a UDP localhost host server that accepts a number from clients and returns the square of that number to the client. (Only write server side program. No need to write the client side program),,,,,,,,25
315,8,Unit-8,descriptive,4,Write a Python program to build a UDP host server that accepts a message from clients and returns the same message to the client. Write programs for both the server and client side.,,,,,,,,25
316,8,Unit-8,descriptive,4,Write a Python program to build a TCP host server that accepts a message from clients and returns the same message to the client. Write programs for both the server and client side.,,,,,,,,25
317,8,Unit-8,descriptive,4,"write a program for making HTTP requests with sockets in Python. Make a socket to receive the data from the link: "" https://www.ljku.edu.in/lju-at-a-glance """,,,,,,,,25
318,8,Unit-8,descriptive,3,"Using Open Weather Map API, generate current air pollution data for Ahmedabad and extract detail of aqi.",,,,,,,,25
319,8,Unit-8,descriptive,4,"Using the Open Weather Map API, generate a 3 Hourly 5 Days weather forecast for Ahmedabad with all details in JSON format. Note: Request for all the data via API in metric units.",,,,,,,,25
320,8,Unit-8,descriptive,3,"Using the Open Weather Map API, find the location of ahmedabad",,,,,,,,25
321,8,Unit-8,descriptive,4,"Using the Open Weather Map API, find the windspeed of ahmedabad _",,,,,,,,25
322,8,Unit-8,descriptive,5,"Using the Open Weather Map API, generate a 3 hourly 5 days weather forecast for Ahmedabad with details like minimum temperature, maximum temperature, wind speed, humidity, and weather description. Display this data in the form of a Pandas data frame with the column names being datetime, mintemp, maxtemp, windspeed, humidity, and weatherdescription. _ _ _ _ _",,,,,,,,25
323,8,Unit-8,descriptive,5,"Write a Python program using beautiful soup to scrape all the news headlines in the div class ""top news"" from https://indianexpress.com/",,,,,,,,25
324,8,Unit-8,descriptive,6,"Write a program for web scrapping using BeautifulSoup to scrape the following details from the given link and make a data frame using that scraped data from the page in a given link. Link: https://www.politifact.com/factchecks You will find 30 news articles with fact checks on this page. You need to scrape the following details from all the articles and store that in a data frame. Statement of News, Date of News, Source of News.",,,,,,,,25
325,8,Unit-8,descriptive,5,"Write a program of web scrapping using BeautifulSoup to scrape the given data from the following link. https://editorial.rottentomatoes.com/guide/popular-movies/ On the above link, you'll find 30 Popular movies. Scrape the Movie Title and Rating of that particular movie and make a Dataframe of the same.",,,,,,,,25
326,8,Unit-8,descriptive,3,"Write a Python program to find the title tags from a given html document. htmldoc = """""" _ <html> <head> <meta http-equiv=""Content-Type"" content=""text/html; charset=iso-8859-1""> <title>An example of HTML page</title> </head> <body> <h2>This is an example HTML page</h2> <p> Lorem ipsum dolor sit amet, consectetur adipiscing elit. Nunc at nisi velit, aliquet iaculis est. Curabitur porttitor nisi vel lacus euismod egestas. In hac habitasse platea dictumst. In sagittis magna eu odio interdum mollis. Phasellus sagittis pulvinar facilisis. Donec vel odio volutpat tortor volutpat commodo. Donec vehicula vulputate sem, vel iaculis urna molestie eget. Sed pellentesque adipiscing tortor, at condimentum elit elementum sed. Mauris dignissim elementum nunc, non elementum felis condimentum eu. In in turpis quis erat imperdiet vulputate. Pellentesque mauris turpis, dignissim sed iaculis eu, euismod eget ipsum. Vivamus mollis adipiscing viverra. Morbi at sem eget nisl euismod porta.</p> <p><a href=""https://www.w3resource.com/html/HTML-tutorials.php"">Learn HTML from w3resource.com</a></p> <p><a href=""https://www.w3resource.com/css/CSS-tutorials.php"">Learn CSS from w3resource.com</a></p> </body> </html> """"""",,,,,,,,26
327,8,Unit-8,descriptive,3,"Write a Python program to retrieve all the paragraph tags from a given HTML document. htmldoc = """""" _ <html> <head> <meta http-equiv=""Content-Type"" content=""text/html; charset=iso-8859-1""> <title>An example of HTML page</title> </head> <body> <h2>This is an example HTML page</h2> <p> Lorem ipsum dolor sit amet, consectetur adipiscing elit. Nunc at nisi velit, aliquet iaculis est. Curabitur porttitor nisi vel lacus euismod egestas. In hac habitasse platea dictumst. In sagittis magna eu odio interdum mollis. Phasellus sagittis pulvinar facilisis. Donec vel odio volutpat tortor volutpat commodo. Donec vehicula vulputate sem, vel iaculis urna molestie eget. Sed pellentesque adipiscing tortor, at condimentum elit elementum sed. Mauris dignissim elementum nunc, non elementum felis condimentum eu. In in turpis quis erat imperdiet vulputate. Pellentesque mauris turpis, dignissim sed iaculis eu, euismod eget ipsum. Vivamus mollis adipiscing viverra. Morbi at sem eget nisl euismod porta.</p> <p><a href=""https://www.w3resource.com/html/HTML-tutorials.php"">Learn HTML from w3resource.com</a></p> <p><a href=""https://www.w3resource.com/css/CSS-tutorials.php"">Learn CSS from w3resource.com</a></p> </body> </html> """"""",,,,,,,,26
328,8,Unit-8,descriptive,3,"Write a Python program to get the number of paragraph tags of a given html document. htmldoc = """""" _ <html> <head> <meta http-equiv=""Content-Type"" content=""text/html; charset=iso-8859-1""> <title>An example of HTML page</title> </head> <body> <h2>This is an example HTML page</h2> <p> Lorem ipsum dolor sit amet, consectetur adipiscing elit. Nunc at nisi velit, aliquet iaculis est. Curabitur porttitor nisi vel lacus euismod egestas. In hac habitasse platea dictumst. In sagittis magna eu odio interdum mollis. Phasellus sagittis pulvinar facilisis. Donec vel odio volutpat tortor volutpat commodo. Donec vehicula vulputate sem, vel iaculis urna molestie eget. Sed pellentesque adipiscing tortor, at condimentum elit elementum sed. Mauris dignissim elementum nunc, non elementum felis condimentum eu. In in turpis quis erat imperdiet vulputate. Pellentesque mauris turpis, dignissim sed iaculis eu, euismod eget ipsum. Vivamus mollis adipiscing viverra. Morbi at sem eget nisl euismod porta.</p> <p><a href=""https://www.w3resource.com/html/HTML-tutorials.php"">Learn HTML from w3resource.com</a></p> <p><a href=""https://www.w3resource.com/css/CSS-tutorials.php"">Learn CSS from w3resource.com</a></p> </body> </html> """"""",,,,,,,,27
329,8,Unit-8,descriptive,3,"Write a Python program to extract the text in the first paragraph tag of a given HTML document. htmldoc = """""" _ <html> <head> <meta http-equiv=""Content-Type"" content=""text/html; charset=iso-8859-1""> <title>An example of HTML page</title> </head> <body> <h2>This is an example HTML page</h2> <p> Lorem ipsum dolor sit amet, consectetur adipiscing elit. Nunc at nisi velit, aliquet iaculis est. Curabitur porttitor nisi vel lacus euismod egestas. In hac habitasse platea dictumst. In sagittis magna eu odio interdum mollis. Phasellus sagittis pulvinar facilisis. Donec vel odio volutpat tortor volutpat commodo. Donec vehicula vulputate sem, vel iaculis urna molestie eget. Sed pellentesque adipiscing tortor, at condimentum elit elementum sed. Mauris dignissim elementum nunc, non elementum felis condimentum eu. In in turpis quis erat imperdiet vulputate. Pellentesque mauris turpis, dignissim sed iaculis eu, euismod eget ipsum. Vivamus mollis adipiscing viverra. Morbi at sem eget nisl euismod porta.</p> <p><a href=""https://www.w3resource.com/html/HTML-tutorials.php"">Learn HTML from w3resource.com</a></p> <p><a href=""https://www.w3resource.com/css/CSS-tutorials.php"">Learn CSS from w3resource.com</a></p> </body> </html> """"""",,,,,,,,27
330,8,Unit-8,descriptive,3,"Write a Python program to find the length of the text of the first <h2> tag of a given html document htmldoc = """""" _ <html> <head> <meta http-equiv=""Content-Type"" content=""text/html; charset=iso-8859-1""> <title>An example of HTML page</title> </head> <body> <h2>This is an example HTML page</h2> <p> Lorem ipsum dolor sit amet, consectetur adipiscing elit. Nunc at nisi velit, aliquet iaculis est. Curabitur porttitor nisi vel lacus euismod egestas. In hac habitasse platea dictumst. In sagittis magna eu odio interdum mollis. Phasellus sagittis pulvinar facilisis. Donec vel odio volutpat tortor volutpat commodo. Donec vehicula vulputate sem, vel iaculis urna molestie eget. Sed pellentesque adipiscing tortor, at condimentum elit elementum sed. Mauris dignissim elementum nunc, non elementum felis condimentum eu. In in turpis quis erat imperdiet vulputate. Pellentesque mauris turpis, dignissim sed iaculis eu, euismod eget ipsum. Vivamus mollis adipiscing viverra. Morbi at sem eget nisl euismod porta.</p> <p><a href=""https://www.w3resource.com/html/HTML-tutorials.php"">Learn HTML from w3resource.com</a></p> <p><a href=""https://www.w3resource.com/css/CSS-tutorials.php"">Learn CSS from w3resource.com</a></p> </body> </html> """"""",,,,,,,,27
331,8,Unit-8,descriptive,3,"Write a Python program to find the text of the first <a> tag of a given html text. htmldoc = """""" _ <html> <head> <meta http-equiv=""Content-Type"" content=""text/html; charset=iso-8859-1""> <title>An example of HTML page</title> </head> <body> <h2>This is an example HTML page</h2> <p> Lorem ipsum dolor sit amet, consectetur adipiscing elit. Nunc at nisi velit, aliquet iaculis est. Curabitur porttitor nisi vel lacus euismod egestas. In hac habitasse platea dictumst. In sagittis magna eu odio interdum mollis. Phasellus sagittis pulvinar facilisis. Donec vel odio volutpat tortor volutpat commodo. Donec vehicula vulputate sem, vel iaculis urna molestie eget. Sed pellentesque adipiscing tortor, at condimentum elit elementum sed. Mauris dignissim elementum nunc, non elementum felis condimentum eu. In in turpis quis erat imperdiet vulputate. Pellentesque mauris turpis, dignissim sed iaculis eu, euismod eget ipsum. Vivamus mollis adipiscing viverra. Morbi at sem eget nisl euismod porta.</p> <p><a href=""https://www.w3resource.com/html/HTML-tutorials.php"">Learn HTML from w3resource.com</a></p> <p><a href=""https://www.w3resource.com/css/CSS-tutorials.php"">Learn CSS from w3resource.com</a></p> </body> </html> """"""",,,,,,,,28
332,8,Unit-8,descriptive,5,Write a Python program to extract all the URLs from the webpage python.org that are nested within <li> tags from.,,,,,,,,28
333,8,Unit-8,descriptive,5,Write a Python program to find all the h2 tags and list the first four from the webpage python.org.,,,,,,,,28
334,8,Unit-8,descriptive,4,Find all the link tags and list the first ten from the webpage python.org,,,,,,,,28
335,8,Unit-8,descriptive,4,"Write a Python program to a list of all the h1, h2, h3 tags from the webpage python.org.",,,,,,,,28
336,8,Unit-8,descriptive,3,Write a Python program to extract all the text from a given web page python.org.,,,,,,,,28
337,8,Unit-8,descriptive,5,How to get the Daily News using Python. url='https://www.bbc.com/news',,,,,,,,28
338,8,Unit-8,descriptive,4,Find the title of the webpage. url = 'https://en.wikipedia.org/wiki/Python(programminglanguage)' _ _,,,,,,,,28
339,8,Unit-8,descriptive,4,Find all the links on the page and print their URLs. url = 'https://en.wikipedia.org/wiki/Python(programminglanguage)' _ _,,,,,,,,28
340,8,Unit-8,descriptive,4,Find the first paragraph on the page and print its text. url = 'https://en.wikipedia.org/wiki/Python(programminglanguage)' _ _,,,,,,,,28
341,8,Unit-8,descriptive,5,Find all the headings on the page and print their text. url = 'https://en.wikipedia.org/wiki/Python(programminglanguage)' _ _,,,,,,,,28
342,8,Unit-8,descriptive,5,"Find the table on the page and its rows, Extract the data from each row, and print it url = 'https://en.wikipedia.org/wiki/Listofcountriesanddependenciesbypopulation' _ _ _ _ _ _",,,,,,,,28
343,8,Unit-8,descriptive,5,Find all the citation needed tags on the page.url = 'https://en.wikipedia.org/wiki/Python(programminglanguage)' using _ _ Beautiful soup.,,,,,,,,28
344,8,Unit-8,descriptive,9,"You have been provided with html file named 'Scrapethis.html'. Scrape the mentioned data from the given html page using _ Beautiful soup. Above is the example of how your html file will look like. You need to scrape the data from the above table given in html file. You need to scrape the data of all the columns which are highlighted with a black box in above image. •Y ou need to scrape Company Name, hyperlink ('href' link) of company name, Current Price, Value and Volume for all the companies given in the html page. And make a Dataframe combining all the scraped data using pandas. Your output Dataframe should look like below:",,,,,,,images/Python-2_Practice_Book_2025/q_344_1.png,28
345,8,Unit-8,descriptive,9,"Part-1: (4 marks) Write a python code to scrape data from the file 'imdb.html', the file contains the list of upcoming movies to be released in India in year 2023 and 2024. Scrape the data to get the movie name and year. Create a DataFrame having columns containing movie name and year. Expected Outcome:",,,,,,,images/Python-2_Practice_Book_2025/q_345_1.png,29
346,8,Unit-8,descriptive,4,"Write a python program to extract title, story and links as per given output from file named 'html1.html'. Required Output: The Dormouse's story Once upon a time there were three little sisters; and their names were Elsie, Lacie and Tillie; and they lived at the bottom of a well. [<a class=""sister"" href=""http://example.com/elsie"" id=""link1"">Elsie</a>, <a class=""sister"" href=""http://example.com/lacie"" id=""link2"">Lacie</a>, <a class=""sister"" href=""http://example.com/tillie"" id=""link3"">Tillie</a>] (Print output wherever required)",,,,,,,,30
347,8,Unit-8,descriptive,4,,,,,,,,images/Python-2_Practice_Book_2025/q_347_1.png,30
348,8,Unit-8,descriptive,4,"Write a Program of Web scraping using BeautifulSoup to scrape the given data from the given HTML file. In the given HTML file, you'll find 50 Movies. Scrape the Movie Title, Year and Rating of that particular movie and make a DataFrame of the same. Sample Snippet of Output:",,,,,,,images/Python-2_Practice_Book_2025/q_348_1.png,31
349,8,Unit-8,descriptive,4,Write a Python program to build a UDP localhost host server that accepts a number from client and returns the square of that number to the client. (write server side program only),,,,,,,,31
350,8,Unit-8,descriptive,4,"Using Open Weather Map API, generate current weather data for Delhi and extract detail of pressure, humidity, sealevel, _ visibility, timezone, sunset, description, speed. latitude and longitude of delhi is given below: lat= 28.6517178 lon= 77.2219388 API KEY : 9903d45b0c6a6259e1bcd8bb4e3daaec API call: https://api.openweathermap.org/data/2.5/weather?lat={lat}&lon={lon}&appid={API key}",,,,,,,,31
352,8,Unit-8,descriptive,3,"Using Open Weather Map API, generate current air pollution data for Delhi and extract detail of ""nh3"" lat=23.05 lon=14.05 API call request: http://api.openweathermap.org/data/2.5/airpollution?lat={lat}&lon={lon}&appid={API key} _ Example of the API response: { ""coord"":[ 50, 50 ], ""list"":[ { ""dt"":1605182400, ""main"":{ ""aqi"":500 }, ""components"":{ ""co"":201.94053649902344, ""no"":0.01877197064459324, ""no2"":0.7711350917816162, ""o3"":68.66455078125, ""so2"":0.6407499313354492, ""pm25"":0.5, _ ""pm10"":0.540438711643219, ""nh3"":0.12369127571582794 }",,,,,,,,32
353,8,Unit-8,descriptive,3,} Write a Python program to build Simple HTTP Server in Python,,,,,,,,32
354,8,Unit-8,descriptive,9,"To Scrape a Table From the below file using Beautiful Soup and make a data frame and print it. ""Today 52 Week Low BSENSE _ Stocks Companies List – Ticker.html"" Write a program to create a Model using linear regression to predict the 'Day Low Rs.' using the ""price Rs."". Find coefficient, intercept, and mean squared error. Data Frame Output: Note: if you are not able to collect the data from web scraping. Make a data frame using a dictionary with a ""price Rs."" And ""Day Low Rs.""",,,,,,,images/Python-2_Practice_Book_2025/q_354_1.png,32
355,9,Unit-9,descriptive,9,"Write a Program for Web scraping using BeautifulSoup to scrape the given data from the given HTML file named 'PopularQuotes.html'. In the given HTML file, you'll find 30 Quotes. Scrape the Quote, Author and no of Likes of that particular _ Quote and make a DataFrame of the same. Sample Snippet of Output:",,,,,,,images/Python-2_Practice_Book_2025/q_355_1.png,33
356,9,Unit-9,mcq,1,What is Django used for?,Machine learning,Game development,Web development,Data analysis,C,Web development,,33
357,9,Unit-9,mcq,1,What is Django in python?,A framework,A library,A function,A script,A,A framework,,33
358,9,Unit-9,mcq,1,What is the default database used in Django?,Oracle,SQLite,PostgreSQL,MySQL,B,SQLite,,33
359,9,Unit-9,mcq,1,What is Django's template language used for?,Data validation,URL routing,Dynamic HTML generation,Object-Relational Mapping,C,Dynamic HTML generation,,33
360,9,Unit-9,mcq,1,What is Django's admin app used for?,Generating dynamic HTML,Handling user authentication,Serving static files,Providing an interface for managing application data,D,Providing an interface for managing application data,,33
361,9,Unit-9,mcq,1,How do you run database migrations in Django?,python manage.py migrate,python migrate manage.py,django migrate,django manage.py migrate,A,python manage.py migrate,,33
362,9,Unit-9,mcq,1,"What is the purpose of the ""urls.py"" file in Django?",To store the project's URL configurations,To store project-level settings,To store app-level settings,To store the project's static files,A,To store the project's URL configurations,,33
363,9,Unit-9,mcq,1,How do you make a Django model available for use in the admin interface?,"By registering the model in the ""admin.py"" file of the app","By registering the model in the ""settings.py"" file of the project","By registering the model in the ""models.py"" file of the app","By registering the model in the ""urls.py"" file of the project",A,"By registering the model in the ""admin.py"" file of the app",,33
364,9,Unit-9,mcq,1,"What is the purpose of the ""views.py"" file in Django?",To store the project's URL configurations,To store the project's models,To store the project's static files,To store the project's views,D,To store the project's views,,33
365,9,Unit-9,mcq,1,"What is the purpose of the ""forms.py"" file in Django?",To store the project's models,To store the project's views,To store the project's forms,To store the project's URL configurations,C,To store the project's forms,,33
366,9,Unit-9,mcq,1,"What is the purpose of the ""settings.py"" file in Django?",To store app-level settings,To store project-level settings,To store the project's URL configurations,To store the project's static files,B,To store project-level settings,,33
367,9,Unit-9,mcq,1,How do you run the development server in Django?,python manage.py runserver,python runserver manage.py,django runserver,django manage.py runserver,A,python manage.py runserver,,33
368,9,Unit-9,mcq,1,"What is the purpose of the ""migrations"" folder in Django?",To store the project's views,To store the project's models,To store the project's static files,To store the project's database migrations,D,To store the project's database migrations,,33
369,9,Unit-9,mcq,1,"What is the purpose of the "" init .py"" file in Django? __ __",To store the app's models,To store the app's views,To initialize the app,To store the app's forms,C,To initialize the app,,33
370,9,Unit-9,mcq,1,What are the features available in Django web framework?,Form handling,Templating,Admin Interface (CRUD),All of the listed,D,All of the listed,,33
371,9,Unit-9,mcq,1,What does {{ name }} mean in Django Templates?,{{ name }} will be the output.,It will be displayed as name in HTML.,The name will be replaced with values of Python variable.,None of the above,C,The name will be replaced with values of Python variable.,,33
372,9,Unit-9,mcq,1,Which of the following is used If you need to deploy your project over WSGI?,wsgi.py,manage.py,models.py,settings.py,A,wsgi.py,,33
373,9,Unit-9,mcq,1,Which Django template tag is used to loop through a list of items?,{% for item in items %},{% loop items %},{% iterate items %},{% list items %},A,{% for item in items %},,33
374,9,Unit-9,mcq,1,In which language is Django written?,PYTHON,PHP,JAVA,C++,A,PYTHON,,33
375,9,Unit-9,mcq,1,Which Django command is used to create a new Django project?,StartProject,createproject,startproject,newproject,C,startproject,,33
376,9,Unit-9,mcq,1,What is the primary purpose of the makemigrations command in Django?,To apply migrations to the database,To execute SQL queries for creating database tables,To create a superuser for the Django admin site,To run unit tests for your Django app,A,To apply migrations to the database,,33
377,9,Unit-9,mcq,1,"In Django, what is the primary purpose of the TEMPLATESDIRS setting? _",It defines the location(s) where Django looks for templates.,It lists all installed apps in the project.,It defines the URL patterns for a Django project.,It configures the project's settings.,A,It defines the location(s) where Django looks for templates.,,33
378,9,Unit-9,descriptive,6,"Create Home page with logo and create about page ,put the link of about page in home page using Django.",,,,,,,,34
379,9,Unit-9,descriptive,10,Make a student name search form by roll number using Django,,,,,,,,34
380,9,Unit-9,descriptive,10,Create web page for book search by auther name or book name using django.,,,,,,,,34
381,10,Unit-10,mcq,1,What is Django's forms module used for?,URL routing,Data validation and form generation,Dynamic HTML generation,Object-Relational Mapping,B,Data validation and form generation,,34
382,10,Unit-10,mcq,1,What does CSRF stand for?,Cross-Site Request Fraud,Cross-Site Request Forgery,Cross-Site Request Firewall,Cross-Site Response Forgery,B,Cross-Site Request Forgery,,34
383,10,Unit-10,mcq,1,How does Django protect against CSRF (Cross-Site Request Forgery) attacks?,By using a secret key,By using SSL/TLS,By using a unique token for each request,By using a fixed path,C,By using a unique token for each request,,34
384,10,Unit-10,mcq,1,How does Django handle user authentication?,Through the use of a custom authentication backend,By providing a built-in authentication system,By relying on an external authentication service,By using the Django ORM,B,By providing a built-in authentication system,,34
385,10,Unit-10,mcq,1,How to Ensure that you have installed Django successfully?,python -m django,python -m,python django,python -m Django,A,python -m django,,34
386,10,Unit-10,mcq,1,Which function is used to redirect users to a different URL in Django?,sendredirect _,redirect,goto _,forward,B,redirect,,34
387,10,Unit-10,mcq,1,What is the purpose of the authenticate function in Django?,It creates a new user.,It checks if a user is authenticated.,It logs a user in.,It logs a user out.,B,It checks if a user is authenticated.,,34
388,10,Unit-10,mcq,1,"In Django Template Language, how can you check if a user is authenticated?",userloggedin _ _,isauthenticated _,checkauthentication _,isloggedin _ _,B,isauthenticated _,,34
389,10,Unit-10,mcq,1,Which Django form is commonly used for user registration and account creation?,UserForm,RegisterForm,UserCreationForm,SignupForm,C,UserCreationForm,,34
390,10,Unit-10,mcq,1,Which Django form is typically used for user login and authentication?,UserLoginForm,AuthenticationForm,UserLoginForm,AuthForm,B,AuthenticationForm,,34
391,10,Unit-10,mcq,1,How do you typically check for a unique username during user registration (sign-up) in Django?,Use the isunique method on _ the username field.,Add a custom validation function to the username field.,Django automatically enforces unique usernames by default.,Use the unique attribute in the form field definition.,C,Django automatically enforces unique usernames by default.,,34
392,10,Unit-10,mcq,1,"In Django, which function is responsible for verifying a user's credentials during the login process?",authenticate,createuser _,userlogin _,validateuser _,A,authenticate,,34
393,10,Unit-10,mcq,1,What does the `logout` function do in Django's authentication system?,Logs a user in,Checks if a user is authenticated,Prevents Cross-Site Request Forgery (CSRF) attacks,Logs a user out,D,Logs a user out,,34
394,10,Unit-10,mcq,1,What is the primary function of the `login` function in Django's authentication system during the login process?,It generates a new session ID.,It logs the user out.,It logs the user in.,It retrieves the user's profile information.,C,It logs the user in.,,34
395,10,Unit-10,mcq,1,Which HTTP request method is commonly used for submitting form data in Django?,DELETE,POST,PUT,CONNECT,B,POST,,34
396,10,Unit-10,mcq,1,What is the primary purpose of Django's ORM (Object-Relational Mapping) in a web application built using the Django framework?,To define and interact with the database schema using Python code,To handle HTTP requests and responses,To handle asynchronous tasks in the background,To manage user authentication and authorization,A,To define and interact with the database schema using Python code,,34
397,10,Unit-10,mcq,1,"Find the error in the following Django URL pattern configuration: from django.urls import path from . import views urlpatterns = [ path('about/', views.aboutview, name='about-page'), _ path('contact/', views.contactview, name='contact-page'), _ path('products/<int:productid>/', views.productdetail, name='product-detail'), _ _ path('categories/<str:category>/', views.categoryview, name='category-page'), _ path('search/<str:keyword>/', views.searchview, name='search-page'), _ path('about/', views.contactview, name='contact-page'), _ path('cart/<int:cartid>/', views.cartview, name='cart-page'), _ _ path('checkout/<int:orderid>/', views.checkoutview, name='checkout-page'), _ _ ]","The path('about/', views.contactview, _ name='contact-page') line is missing the leading forward slash (/) in the URL pattern","The path('about/', views.contactview, _ name='contact-page') line is duplicated.","The path('search/<str:keyword>/', views.searchview, _ name='search-page') line should use <slug:keyword> instead of <str:keyword>","The path('cart/<int:cartid>/', _ views.cartview, name='cart- _ page') line should use <str:cartid> instead of _ <int:cartid> _",B,"The path('about/', views.contactview, _ name='contact-page') line is duplicated.",,34
398,10,Unit-10,mcq,1,"By default, which HTTP method is protected by Django's CSRF protection?",PUT,POST,DELETE,GET,B,POST,,34
399,10,Unit-10,mcq,1,Which Django template tag is used for including the content of another template within a template file?,{% extend %},{% include %},{% block %},{% including %},B,{% include %},,34
400,10,Unit-10,mcq,1,How do you run database migrations in Django?,python manage.py migrate,python migrate manage.py,django migrate,Django-admin migrate,B,python migrate manage.py,,34
401,10,Unit-10,mcq,1,Which file is kind of your project local django-admin for interacting with your project via command line?,manage.py,admin.py,urls.py,models.py,A,manage.py,,34
402,10,Unit-10,descriptive,9,Build a Customer Relationship Management (CRM) App using Django need to cover following Contents in project: 1)Introduction 2)Installation and App Setup 3)Build Out the Basic App 4)Login Users 5)Logout Users 6)Register Users 7)View Records on Website 8)Individual Records 9)Add New Records,,,,,,,,35
403,10,Unit-10,descriptive,9,"Build an expense tracker app in Django •Set up your project •create database with user login, signup and logout functionalities •Add data •Design your report by fetching data",,,,,,,,35
404,10,Unit-10,descriptive,9,"Building a Blog Application using Django Key features of the project -
1. Creating and Retrieving blogs and authentication
2. Only admin can delete the posts
3. Change password and Contact Form",,,,,,,,35
405,10,Unit-10,descriptive,9,Creating a Hotel Booking System using Django need to cover following Contents in project: Step 1: Install Django: Step 2: Create a New Django Project: Step 3: Create a New Django App: Step 4: Define Models: Step 5: Register Models: Step 6: Create Views and Templates: Step 7: Create URLs: Step 8: Create Forms: Step 9: Implement User Authentication: Step 10: Create User Registration View: Step 11: Create Navbar Template: Step 12: Integrate Rating System: Step 13: Create Reviews Page: Step 14: Include Navbar and Rating in Templates: Step 15: Handle Bookings and Payments: Step 16: Create superuser,,,,,,,,35
406,10,Unit-10,descriptive,9,"Building a User Login System for an Online Music Streaming Service In this project, you'll help Lushlyrics, a leading online music streaming service, enhance the security of its web application. You'll implement user authentication and authorization, working on a production-level website developed using the Django framework. Your primary goals are to secure the company's website and create a seamless customer registration and login experience. You'll develop an alternative version of the Lushlyrics site with signup/login functionality.",,,,,,,,35
407,10,Unit-10,descriptive,9,"Building an E-learning Platform using Django Create a platform for teachers to upload and schedule - notes, flowcharts, diagrams, videos, presentations, and others. Educators should be allowed to plan, organize, and display the curriculum for upcoming weeks for increased transparency.",,,,,,,,35
408,10,Unit-10,descriptive,9,Creating a Contacts List Web App using Django •Create and deploy a new Django contacts list project •Create a new app in your contacts list project •Understand the model-view concept in Django and create a new view •Create a new model •Register your model in the admin app and access the model via admin •Create a view that displays all contacts data,,,,,,,,35
409,10,Unit-10,descriptive,5,"Create views for login, signup and logout functionality in views.py file, assuming that you have html files named 'login.html', 'signup.html' and 'logout.html' respectively in templates folder in current app. Assume that form passes post request when login or signup button is pressed. -Following are the required modules, which needs to be imported for this functionality. from django.shortcuts import render from django.contrib.auth.models import User from django.contrib.auth.forms import AuthenticationForm, UserCreationForm from django.contrib.auth import login, logout, authenticate from django.shortcuts import redirect",,,,,,,,36
410,10,Unit-10,descriptive,5,"You are tasked with developing a simple Django web application to manage a library's book catalogue. The application should have two model classes, a view function, and necessary variables. Please note that the default code generated when creating a Django project/app is not to be included. Model Classes:
1.Book •C reate a model class named Book with the following aƩributes: • Ɵtle (CharField): A field for the Ɵtle of the book, with a maximum length of 100 characters. •a uthor (CharField): A field for the author's name, with a maximum length of 50 characters.
2.Borrower •C reate another model class named Borrower with the following aƩributes: •n ame (CharField): A field for the name of the borrower, with a maximum length of 100 characters. •e mail (EmailField): A field for the borrower's email address, ensuring it's a valid email format. View Function: Write a view function named listbooks that retrieves all books from the database and displays them in a template. Ensure that _ the template includes the book title, author, and publication year for each book. Styling for HTML code is not required. Necessary Variables: In your Django project settings (settings.py), assume you have configured the database settings correctly with an SQLite database and have created an app named library. Additionally, you can assume that Django's core settings, including the INSTALLEDAPPS and URL routing, are properly set up _ already.",,,,,,,,36
411,10,Unit-10,descriptive,9,"Make a small website project using Django which has following functionality. 1). On the home page of the website, there should be 2 links called Grades and Circulars. 2). If you click on the Grades, you'll be redirected to a page where a table of marksheet will be displayed by extracting the data from Database stored in Django admin. Also, it should have functionality to search particular grades by passing name in search box. There will also be a link of circulars to redirect the page to circulars page. 3). If you click on a Circulars, the page should redirect to a page where circular will be displayed. There will also be a link of circulars to redirect the page to grades page. -You need to create a project named studentcorner. -You need to create an application called grades, which will contain page number 1 and 2 mentioned above. -You need to create another application called circulars, which will contain page number 3 mentioned above. -Create superuser and keep your roll no. as username and enrollment no. as password. (This is compulsory, otherwise marks will not be given.) Note: Data in the table of grades page needs to be displayed only by extracting it from the database stored in the admin page of your project. Static data in html file will not be considered. The home page should look like: The Grades page should look like if all data are inserted in database:",,,,,,,images/Python-2_Practice_Book_2025/q_411_1.png,36
412,10,Unit-10,descriptive,10,"Create a Python Django Project with your firstname, lastname, div and roll no. For example: Suppose your firstname is Chetan, lastname is Yadav, div is C8 and roll no. is 125 Hence the folder name formed should be : ChetanYadavC8125 The above example is an example you consider your example Follow the following steps:
1. Create an app called findmovie. This includes all steps like registering the new app and running the server.
2. Create a model named Movie with attributes title, year, description and director where title, description and director are character fields and year is an integer field. The maximum length of title, description and director are 100, 250 and 100 respectively. Migrate all sqlite tables.
3. Create a superuser with your RollNo like 125 and password should be lju123456.
4. Login to Django Admin Portal with this user and enter the following data in the Movie table:
5. On the home page, display the following HTML form in a file named moviefind.html: <h1> Home Page </h1> <form> <label>Title</label><br> <input type=""text"" name=""title""><br> <label>Year</label><br> <input type=""text"" name=""year""><br> <label>Director</label><br> <input type=""text"" name=""director""><br> <button type='submit'> Submit </button> </form> This includes all like creating url for home page.
6. Make necessary adjustments to your code to let the user search for movie from this table by filling the HTML form. Filter your data on the basis for what the user filled in the HTML Form. Assume that the user will fill at least one field from the HTML form. And you can keep upto two fields in the form empty. Display the filtered movie data on your home page, below the form.",,,,,,,images/Python-2_Practice_Book_2025/q_412_1.png,38
413,10,Unit-10,descriptive,10,"You are required to develop a Django web application focused on cricket that includes the following features:
1. Cricket Database: •C reate a Django project named 'cricstats' with a small database to manage information about cricket players. •T he database should include the following fields for each player: •P layer Name (CharField) •C ountry (CharField) •B atting Style (CharField) •B owling Style (CharField) •A ge (IntegerField) •R uns Scored (IntegerField) •W ickets Taken (IntegerField)",,,,,,,,38
414,10,Unit-10,descriptive,10,"For a Django project, create an application which enables the user to signup and login to access the dashboard, with ability to logout of the account. The detailed steps to be followed are as below –
1. Create a Django project called authedemoproject.
2. Create an app 'accounts' for the project.
3. Create views for handling signup, login, logout and dashboard for the accounts app importing following libraries (from django.contrib.auth.forms import UserCreationForm from django.contrib.auth import login, logout, authenticate from django.shortcuts import render, redirect)
4. Create necessary accounts app templates to render the views. Below are the required output snaps of different urls of the project - • The user must signup and login to redirect to the dashboard page. #accounts/signup.html",,,,,,,,39
415,10,Unit-10,descriptive,3,Create signupaccount function in views.py file in accounts app in django project named movieproject for signup functionality. There is signupaccount.html file in templates folder of accounts app for signup. After signup it should redirect to home page. views.py from django.shortcuts import render # Create your views here. ………………………….,,,,,,,,41
416,10,Unit-10,descriptive,3,"Create urls.py file in accounts app in Django project named movieproject. Different Path available for url file are signup, login and logout with functions available in views.py as signupaccount, loginaccount and logoutaccount respectively. urls.py from django.urls import path ………………………………",,,,,,,,41
417,10,Unit-10,descriptive,9,"Create a Python Django Project with your firstname and lastname and follow the following steps:
1.Create an app called findmusic.
2.On the home page, display the following HTML form in a file name musicfind.html: <form> <h1> Welcome </h1> <h2> Let's search your Music </h2> <input id=""song"" class=""input"" type=""text"" placeholder="" ""/> <label for=""song""> Song </label> <input id=""artist"" type=""text"" placeholder="" ""/> <label for=""artist""> Artist </label> <input id=""year"" type=""text"" placeholder="" ""/> <label for=""year""> Year </label> <input id=""album"" type=""text"" placeholder="" ""/> <label for=""album""> Album </label> <button type=""submit""> Submit </button> </form>
3.Create a model named Music with aƩributes song,arƟst,year and album where song,arƟst and album are text fields and year is a numeric field.
4.Migrate all the sqlite tables.
5.Create a superuser with your enrollment number last 4 digit as the username and password django123456
6.Log into the Django Admin Portal with this user and enter the following data in the Music Table",,,,,,,images/Python-2_Practice_Book_2025/q_417_1.png,41
418,10,Unit-10,descriptive,5,"Build a Django project using following guidelines. Write code for the following task:
1.Create a Django Project: Name of project is myproject
2.Create a Django App: Name of app is myapp
3. Define a Model: In myapp/models.py, define a simple model using name and description of project.
4. Create Migrations and Apply Them:
5. Create an Admin Interface: In myapp/admin.py, register your model to make it accessible in the Django admin interface:
6. Create Views and Templates: Create views in myapp/views.py and templates in myapp/templates/ to handle the display of your data.
7. Define URL Patterns: In myapp/urls.py, define URL patterns to map to your views.
8. Include App URLs in Project URLs: In myproject/urls.py, include the app's URL patterns. 9 Run the Development Server:",,,,,,,,42
419,10,Unit-10,descriptive,10,Creating a Django project to display data of cricket players as shown in table. Use the Django admin panel to add cricket player data. No need to display data of cricket players in table format only. You can display data of cricket players in any layout. Name of project should be CricketPlayers Name of app should be players Username and password should be LJENG,,,,,,,images/Python-2_Practice_Book_2025/q_419_1.png,42
420,10,Unit-10,descriptive,9,"•Create python Django project with name 'musicproject' •C reate an app called musicapp •O n homepage it will display songs list entered from admin portal. •C reate home.html file in musicapp. •C ode for home.html <body> <h1>Music</h1> <h3>Enter Song </h3> <form action="""" > <label for=""song"">Song:</label> <input type=""text"" name="" "" ><br><br> <button type=""submit"" >Search</button> </form> </body> •C reate base.html file in musicproject. •C ode for base.html <!DOCTYPE html> <html> <head> <title>Music</title> </head> </html> •E xtends base.html file in to home html file. •C reate model named Music with aƩributes song, arƟst, year. •C reate super user with your enrollment number and password will be your roll number.(it is compulsory) •Log in to the django admin portal with this user and Enter the following data in Music table. •Make necessary adjustment to your code to let user search for song from this database by song title on home page. song arƟst year Ud jaa kale kawa Alka Yagnik, Udit Narayan 2023 Dilwale Dulhania Le Jayenge Lata Mangeshkar; S. P. Balasubraman1995 All Izz Well Sonu Nigam 2009 Radha kaise na jale Asha bhosle 2001 Dil To Pagal Hai Lata Mangeshkar 1997",,,,,,,,43
421,10,Unit-10,descriptive,10,Make a small website project using Django which has the following functionality. EXPLAIN,,,,,,,images/Python-2_Practice_Book_2025/q_421_1.png,43
422,10,Unit-10,descriptive,10,"HTML Snippet For above webpage (Add appropriate DTL in it): <html> <head> <title>Upcoming Events</title> </head> <body> <h1>Upcoming Events</h1> <form method=""GET""> <input type=""text"" name=""q"" placeholder=""Search by event name""> <button type=""submit"">Search</button> </form> <table border=""1""> <thead> <tr> <th>Event Name</th> <th>Event Date</th> <th>Location</th> <th>Category</th> </tr> </thead> <tbody> <tr> <td></td> <td></td> <td></td> <td></td> </tr> </tbody> </table> <br> <a href=""#"">View Event Categories</a> </body> </html>",,,,,,,images/Python-2_Practice_Book_2025/q_422_1.png;images/Python-2_Practice_Book_2025/q_422_2.png,47
